,Unnamed: 0,LIBELLE_ARRET,pourc_validations,TRNC_HORR_60,NB_VALD,NB_VALD_HOUR
0,0,DENFERT-ROCHEREAU,3.59,11H-12H,17593.385869565216,63160.25527173912
1,1,DENFERT-ROCHEREAU,5.03,12H-13H,17593.385869565216,88494.73092391304
2,2,DENFERT-ROCHEREAU,5.6,13H-14H,17593.385869565216,98522.9608695652
3,3,DENFERT-ROCHEREAU,5.52,15H-16H,17593.385869565216,97115.49
4,4,DENFERT-ROCHEREAU,9.12,17H-18H,17593.385869565216,160451.67913043476
5,5,DENFERT-ROCHEREAU,4.74,20H-21H,17593.385869565216,83392.64902173913
6,6,DENFERT-ROCHEREAU,3.15,21H-22H,17593.385869565216,55419.16548913043
7,7,CHATELET-LES HALLES,0.0,3H-4H,54721.494565217385,0.0
8,8,CHATOU-CROISSY,0.03,1H-2H,5186.755434782609,155.60266304347823
9,9,CHATOU-CROISSY,0.82,5H-6H,5186.755434782609,4253.139456521739
10,10,CHATOU-CROISSY,9.8,9H-10H,5186.755434782609,50830.20326086957
11,11,CHATELET-LES HALLES,4.9,14H-15H,54721.494565217385,268135.32336956525
12,12,CHATELET-LES HALLES,11.67,17H-18H,54721.494565217385,638599.8415760868
13,13,CHATELET-LES HALLES,4.55,22H-23H,54721.494565217385,248982.80027173914
14,14,CHATELET-LES HALLES,0.0,2H-3H,54721.494565217385,0.0
15,15,CHATELET-LES HALLES,1.75,7H-8H,54721.494565217385,95762.61548913043
16,16,CHATELET-LES HALLES,2.79,9H-10H,54721.494565217385,152672.96983695653
17,17,CHATOU-CROISSY,3.55,12H-13H,5186.755434782609,18412.981793478266
18,18,CHATOU-CROISSY,4.86,16H-17H,5186.755434782609,25207.63141304348
19,19,CHATOU-CROISSY,1.82,20H-21H,5186.755434782609,9439.894891304348
20,20,CHATOU-CROISSY,0.91,21H-22H,5186.755434782609,4719.947445652174
21,21,CHATOU-CROISSY,0.43,23H-0H,5186.755434782609,2230.3048369565217
22,22,CHATOU-CROISSY,0.0,2H-3H,5186.755434782609,0.0
23,23,CHATOU-CROISSY,2.67,6H-7H,5186.755434782609,13848.637010869565
24,24,BOURG-LA-REINE,3.9,10H-11H,10464.875,40813.0125
25,25,BOURG-LA-REINE,3.39,14H-15H,10464.875,35475.926250000004
26,26,BOURG-LA-REINE,4.1,15H-16H,10464.875,42905.9875
27,27,BOURG-LA-REINE,2.46,20H-21H,10464.875,25743.5925
28,28,BOURG-LA-REINE,3.66,6H-7H,10464.875,38301.44250000001
29,29,BURES-SUR-YVETTE,8.57,12H-13H,1350.4565217391305,11573.412391304351
30,30,BURES-SUR-YVETTE,3.47,14H-15H,1350.4565217391305,4686.084130434782
31,31,BURES-SUR-YVETTE,9.85,15H-16H,1350.4565217391305,13301.996739130434
32,32,BURES-SUR-YVETTE,8.5,18H-19H,1350.4565217391305,11478.88043478261
33,33,BURES-SUR-YVETTE,0.28,23H-0H,1350.4565217391305,378.12782608695665
34,34,BURES-SUR-YVETTE,0.86,5H-6H,1350.4565217391305,1161.392608695652
35,35,BURES-SUR-YVETTE,3.36,9H-10H,1350.4565217391305,4537.533913043479
36,36,CITE UNIVERSITAIRE,3.81,10H-11H,16885.853260869564,64335.100923913036
37,37,CITE UNIVERSITAIRE,0.01,1H-2H,16885.853260869564,168.8585326086956
38,38,CITE UNIVERSITAIRE,0.05,3H-4H,16885.853260869564,844.2926630434782
39,39,CITE UNIVERSITAIRE,0.06,4H-5H,16885.853260869564,1013.1511956521738
40,40,ANTONY,0.16,0H-1H,11292.179347826086,1806.7486956521734
41,41,ANTONY,3.65,13H-14H,11292.179347826086,41216.454619565215
42,42,ANTONY,3.23,14H-15H,11292.179347826086,36473.739293478255
43,43,ANTONY,4.03,15H-16H,11292.179347826086,45507.48277173913
44,44,ANTONY,2.51,20H-21H,11292.179347826086,28343.370163043477
45,45,ANTONY,0.62,23H-0H,11292.179347826086,7001.1511956521745
46,46,ANTONY,0.0,2H-3H,11292.179347826086,0.0
47,47,ANTONY,0.0,3H-4H,11292.179347826086,0.0
48,48,ANTONY,0.08,4H-5H,11292.179347826086,903.3743478260867
49,49,ANTONY,18.8,8H-9H,11292.179347826086,212292.9717391304
50,50,ANTONY,7.42,9H-10H,11292.179347826086,83787.97076086956
51,51,COURCELLE-SUR-YVETTE,7.41,18H-19H,567.2142857142858,4203.057857142857
52,52,COURCELLE-SUR-YVETTE,0.48,22H-23H,567.2142857142858,272.2628571428571
53,53,COURCELLE-SUR-YVETTE,0.25,4H-5H,567.2142857142858,141.80357142857142
54,54,BOURG-LA-REINE,4.33,12H-13H,10464.875,45312.90875
55,55,BOURG-LA-REINE,6.22,18H-19H,10464.875,65091.5225
56,56,BOURG-LA-REINE,0.0,2H-3H,10464.875,0.0
57,57,BOURG-LA-REINE,0.11,4H-5H,10464.875,1151.13625
58,58,BOURG-LA-REINE,1.07,5H-6H,10464.875,11197.41625
59,59,BOURG-LA-REINE,13.08,7H-8H,10464.875,136880.565
60,60,BOURG-LA-REINE,9.19,9H-10H,10464.875,96172.20125
61,61,ARCUEIL-CACHAN,3.68,11H-12H,8561.91847826087,31507.860000000004
62,62,ARCUEIL-CACHAN,4.57,12H-13H,8561.91847826087,39127.967445652175
63,63,ARCUEIL-CACHAN,0.92,22H-23H,8561.91847826087,7876.965000000001
64,64,BURES-SUR-YVETTE,3.67,10H-11H,1350.4565217391305,4956.175434782609
65,65,BURES-SUR-YVETTE,0.0,1H-2H,1350.4565217391305,0.0
66,66,BURES-SUR-YVETTE,0.65,22H-23H,1350.4565217391305,877.7967391304347
67,67,BURES-SUR-YVETTE,3.33,6H-7H,1350.4565217391305,4497.020217391305
68,68,BURES-SUR-YVETTE,8.63,7H-8H,1350.4565217391305,11654.439782608697
69,69,GARE DU NORD,10.04,15H-16H,76449.32608695653,767551.2339130434
70,70,GARE DU NORD,2.78,20H-21H,76449.32608695653,212529.12652173915
71,71,GARE DU NORD,1.7,21H-22H,76449.32608695653,129963.8543478261
72,72,GARE DU NORD,0.9,22H-23H,76449.32608695653,68804.39347826088
73,73,GARE DU NORD,5.65,5H-6H,76449.32608695653,431938.69239130436
74,74,GARE DU NORD,3.22,9H-10H,76449.32608695653,246166.83000000005
75,75,CHATELET-LES HALLES,1.65,0H-1H,54721.494565217385,90290.46603260867
76,76,CHATELET-LES HALLES,13.65,18H-19H,54721.494565217385,746948.4008152173
77,77,CHATELET-LES HALLES,7.72,20H-21H,54721.494565217385,422449.9380434783
78,78,CHATELET-LES HALLES,0.02,4H-5H,54721.494565217385,1094.4298913043476
79,79,CHATELET-LES HALLES,3.62,8H-9H,54721.494565217385,198091.81032608694
80,80,CHATOU-CROISSY,0.14,0H-1H,5186.755434782609,726.1457608695654
81,81,CHATOU-CROISSY,3.59,10H-11H,5186.755434782609,18620.45201086956
82,82,CHATOU-CROISSY,3.11,11H-12H,5186.755434782609,16130.80940217391
83,83,CHATOU-CROISSY,4.56,18H-19H,5186.755434782609,23651.60478260869
84,84,CHATOU-CROISSY,0.09,4H-5H,5186.755434782609,466.8079891304348
85,85,BOURG-LA-REINE,7.5,17H-18H,10464.875,78486.5625
86,86,BOURG-LA-REINE,4.32,19H-20H,10464.875,45208.26
87,87,BOURG-LA-REINE,0.1,1H-2H,10464.875,1046.4875
88,88,BURES-SUR-YVETTE,3.89,13H-14H,1350.4565217391305,5253.275869565217
89,89,BURES-SUR-YVETTE,0.2,4H-5H,1350.4565217391305,270.09130434782605
90,90,CITE UNIVERSITAIRE,5.27,15H-16H,16885.853260869564,88988.4466847826
91,91,CITE UNIVERSITAIRE,7.7,16H-17H,16885.853260869564,130021.07010869564
92,92,CITE UNIVERSITAIRE,2.16,22H-23H,16885.853260869564,36473.44304347826
93,93,CITE UNIVERSITAIRE,6.01,7H-8H,16885.853260869564,101483.97809782607
94,94,ANTONY,3.25,11H-12H,11292.179347826086,36699.582880434784
95,95,ANTONY,0.04,1H-2H,11292.179347826086,451.68717391304347
96,96,COURCELLE-SUR-YVETTE,0.93,20H-21H,567.2142857142858,527.5092857142856
97,97,COURCELLE-SUR-YVETTE,10.03,8H-9H,567.2142857142858,5689.159285714285
98,98,ARCUEIL-CACHAN,0.03,1H-2H,8561.91847826087,256.85755434782607
99,99,ARCUEIL-CACHAN,2.41,20H-21H,8561.91847826087,20634.223532608703
100,100,ARCUEIL-CACHAN,0.0,2H-3H,8561.91847826087,0.0
101,101,ARCUEIL-CACHAN,1.48,5H-6H,8561.91847826087,12671.639347826089
102,102,ARCUEIL-CACHAN,3.66,6H-7H,8561.91847826087,31336.621630434784
103,103,ARCUEIL-CACHAN,7.57,9H-10H,8561.91847826087,64813.72288043478
104,104,GARE DU NORD,3.39,11H-12H,76449.32608695653,259163.21543478264
105,105,GARE DU NORD,3.9,12H-13H,76449.32608695653,298152.3717391305
106,106,GARE DU NORD,4.16,13H-14H,76449.32608695653,318029.19652173924
107,107,GARE DU NORD,4.08,14H-15H,76449.32608695653,311913.25043478265
108,108,GARE DU NORD,6.24,19H-20H,76449.32608695653,477043.7947826088
109,109,GARE DU NORD,2.51,21H-22H,76449.32608695653,191887.80847826085
110,110,GARE DU NORD,1.29,23H-0H,76449.32608695653,98619.63065217393
111,111,GARE DU NORD,0.01,2H-3H,76449.32608695653,764.4932608695652
112,112,GARE DU NORD,0.62,5H-6H,76449.32608695653,47398.58217391305
113,113,MASSY-PALAISEAU,5.94,14H-15H,22462.82608695652,133429.1869565217
114,114,MASSY-PALAISEAU,10.99,15H-16H,22462.82608695652,246866.45869565214
115,115,MASSY-PALAISEAU,11.32,16H-17H,22462.82608695652,254279.19130434786
116,116,MASSY-PALAISEAU,3.62,19H-20H,22462.82608695652,81315.43043478261
117,117,MASSY-PALAISEAU,0.61,21H-22H,22462.82608695652,13702.32391304348
118,118,MASSY-VERRIERES,2.28,14H-15H,1234.0489130434785,2813.63152173913
119,119,MASSY-VERRIERES,0.9,20H-21H,1234.0489130434785,1110.6440217391305
120,120,SAINT-MICHEL,2.62,11H-12H,18866.54891304348,49430.35815217392
121,121,SAINT-MICHEL,4.43,14H-15H,18866.54891304348,83578.81168478263
122,122,SAINT-MICHEL,5.31,20H-21H,18866.54891304348,100181.37472826088
123,123,SAINT-MICHEL,0.07,4H-5H,18866.54891304348,1320.6584239130434
124,124,SAINT-MICHEL,1.35,6H-7H,18866.54891304348,25469.8410326087
125,125,MASSY-PALAISEAU,2.83,11H-12H,22462.82608695652,63569.797826086964
126,126,MASSY-PALAISEAU,12.29,17H-18H,22462.82608695652,276068.1326086956
127,127,MASSY-PALAISEAU,8.56,18H-19H,22462.82608695652,192281.79130434786
128,128,MASSY-PALAISEAU,1.61,4H-5H,22462.82608695652,36165.15
129,129,MASSY-VERRIERES,2.73,11H-12H,1234.0489130434785,3368.953532608696
130,130,MASSY-VERRIERES,2.1,15H-16H,1234.0489130434785,2591.5027173913045
131,131,MASSY-VERRIERES,6.17,17H-18H,1234.0489130434785,7614.081793478261
132,132,MASSY-VERRIERES,0.06,22H-23H,1234.0489130434785,74.0429347826087
133,133,MASSY-VERRIERES,0.02,23H-0H,1234.0489130434785,24.68097826086957
134,134,MASSY-VERRIERES,1.0,5H-6H,1234.0489130434785,1234.0489130434785
135,135,MASSY-PALAISEAU,2.79,10H-11H,22462.82608695652,62671.284782608695
136,136,MASSY-PALAISEAU,1.74,20H-21H,22462.82608695652,39085.317391304336
137,137,MASSY-PALAISEAU,0.02,2H-3H,22462.82608695652,449.2565217391304
138,138,MASSY-PALAISEAU,0.25,3H-4H,22462.82608695652,5615.70652173913
139,139,MASSY-PALAISEAU,6.97,6H-7H,22462.82608695652,156565.89782608693
140,140,MASSY-VERRIERES,2.27,10H-11H,1234.0489130434785,2801.2910326086962
141,141,MASSY-VERRIERES,24.63,7H-8H,1234.0489130434785,30394.624728260867
142,142,SAINT-MICHEL,10.07,16H-17H,18866.54891304348,189986.14755434784
143,143,SAINT-MICHEL,15.64,17H-18H,18866.54891304348,295072.825
144,144,SAINT-MICHEL,14.22,18H-19H,18866.54891304348,268282.3255434783
145,145,SAINT-MICHEL,9.44,19H-20H,18866.54891304348,178100.22173913047
146,146,SAINT-MICHEL,2.23,10H-11H,18866.54891304348,42072.40407608696
147,147,SAINT-MICHEL,3.7,12H-13H,18866.54891304348,69806.23097826088
148,148,SAINT-MICHEL,3.59,21H-22H,18866.54891304348,67730.91059782608
149,149,SAINT-MICHEL,3.07,22H-23H,18866.54891304348,57920.30516304348
150,150,SAINT-MICHEL,0.0,2H-3H,18866.54891304348,0.0
151,151,SAINT-MICHEL,0.48,5H-6H,18866.54891304348,9055.94347826087
152,152,SAINT-MICHEL,3.51,9H-10H,18866.54891304348,66221.58668478261
153,153,LA CROIX-DE-BERNY-FRESNES,0.13,4H-5H,7856.554347826086,1021.3520652173912
154,154,LA CROIX-DE-BERNY-FRESNES,6.77,9H-10H,7856.554347826086,53188.872934782616
155,155,LA HACQUINIERE,3.36,10H-11H,572.6358695652174,1924.0565217391306
156,156,LA HACQUINIERE,3.23,12H-13H,572.6358695652174,1849.6138586956517
157,157,LA HACQUINIERE,3.26,13H-14H,572.6358695652174,1866.7929347826087
158,158,LA HACQUINIERE,2.14,15H-16H,572.6358695652174,1225.4407608695653
159,159,LA HACQUINIERE,2.27,19H-20H,572.6358695652174,1299.8834239130435
160,160,LA HACQUINIERE,6.62,6H-7H,572.6358695652174,3790.849456521739
161,161,LAPLACE,3.01,10H-11H,8434.119565217392,25386.699891304346
162,162,LAPLACE,3.07,14H-15H,8434.119565217392,25892.747065217394
163,163,LAPLACE,8.82,16H-17H,8434.119565217392,74388.93456521741
164,164,LAPLACE,2.93,20H-21H,8434.119565217392,24711.970326086957
165,165,LAPLACE,0.03,4H-5H,8434.119565217392,253.0235869565217
166,166,LA PLAINE-STADE DE FRANCE,0.12,0H-1H,14532.70652173913,1743.9247826086953
167,167,LA PLAINE-STADE DE FRANCE,6.36,14H-15H,14532.70652173913,92428.01347826088
168,168,LA PLAINE-STADE DE FRANCE,0.0,1H-2H,14532.70652173913,0.0
169,169,LA PLAINE-STADE DE FRANCE,1.17,21H-22H,14532.70652173913,17003.26663043478
170,170,LA PLAINE-STADE DE FRANCE,4.01,5H-6H,14532.70652173913,58276.153152173916
171,171,LA PLAINE-STADE DE FRANCE,5.13,7H-8H,14532.70652173913,74552.78445652174
172,172,LA PLAINE-STADE DE FRANCE,4.48,8H-9H,14532.70652173913,65106.52521739131
173,173,LE BOURGET,4.07,13H-14H,10666.902173913044,43414.29184782609
174,174,LE BOURGET,5.0,14H-15H,10666.902173913044,53334.510869565216
175,175,LE BOURGET,2.04,20H-21H,10666.902173913044,21760.48043478261
176,176,LE BOURGET,3.73,4H-5H,10666.902173913044,39787.54510869565
177,177,LE BOURGET,10.84,6H-7H,10666.902173913044,115629.2195652174
178,178,LE GUICHET,2.71,14H-15H,1695.7065217391305,4595.364673913044
179,179,LE GUICHET,19.53,17H-18H,1695.7065217391305,33117.14836956522
180,180,LES BACONNETS,0.16,0H-1H,4432.175824175824,709.1481318681318
181,181,LES BACONNETS,6.21,17H-18H,4432.175824175824,27523.81186813187
182,182,LES BACONNETS,2.68,5H-6H,4432.175824175824,11878.231208791209
183,183,LES BACONNETS,17.17,7H-8H,4432.175824175824,76100.45890109891
184,184,BAGNEUX,3.75,10H-11H,5624.396739130435,21091.48777173913
185,185,BAGNEUX,3.44,11H-12H,5624.396739130435,19347.924782608698
186,186,BAGNEUX,0.02,1H-2H,5624.396739130435,112.4879347826087
187,187,BAGNEUX,2.4,20H-21H,5624.396739130435,13498.552173913044
188,188,BAGNEUX,1.03,22H-23H,5624.396739130435,5793.128641304348
189,189,BAGNEUX,0.03,4H-5H,5624.396739130435,168.73190217391306
190,190,BAGNEUX,11.27,7H-8H,5624.396739130435,63386.95125
191,191,BAGNEUX,16.14,8H-9H,5624.396739130435,90777.76336956523
192,192,BAGNEUX,7.88,9H-10H,5624.396739130435,44320.246304347835
193,193,LOZERE,3.32,13H-14H,1151.9673913043478,3824.5317391304334
194,194,LOZERE,0.89,22H-23H,1151.9673913043478,1025.2509782608695
195,195,LOZERE,16.58,8H-9H,1151.9673913043478,19099.619347826083
196,196,LUXEMBOURG,4.8,12H-13H,12565.005434782608,60312.026086956525
197,197,LUXEMBOURG,0.01,1H-2H,12565.005434782608,125.65005434782609
198,198,LUXEMBOURG,3.49,21H-22H,12565.005434782608,43851.868967391296
199,199,LUXEMBOURG,2.47,22H-23H,12565.005434782608,31035.56342391304
200,200,MASSY-PALAISEAU,0.11,0H-1H,22462.82608695652,2470.910869565217
201,201,MASSY-PALAISEAU,3.04,10H-11H,22462.82608695652,68286.99130434782
202,202,MASSY-PALAISEAU,2.81,11H-12H,22462.82608695652,63120.54130434783
203,203,MASSY-PALAISEAU,3.16,13H-14H,22462.82608695652,70982.5304347826
204,204,MASSY-PALAISEAU,5.92,19H-20H,22462.82608695652,132979.9304347826
205,205,MASSY-PALAISEAU,0.22,4H-5H,22462.82608695652,4941.821739130434
206,206,MASSY-PALAISEAU,13.27,7H-8H,22462.82608695652,298081.702173913
207,207,MASSY-VERRIERES,2.69,15H-16H,1234.0489130434785,3319.5915760869566
208,208,MASSY-VERRIERES,4.55,17H-18H,1234.0489130434785,5614.922554347826
209,209,MASSY-VERRIERES,0.0,1H-2H,1234.0489130434785,0.0
210,210,MITRY-CLAYE,0.12,23H-0H,2424.3478260869565,290.9217391304348
211,211,MITRY-CLAYE,1.22,5H-6H,2424.3478260869565,2957.704347826087
212,212,MITRY-CLAYE,12.88,8H-9H,2424.3478260869565,31225.6
213,213,ORSAY-VILLE,5.38,19H-20H,3428.8695652173915,18447.318260869564
214,214,ORSAY-VILLE,1.08,21H-22H,3428.8695652173915,3703.1791304347826
215,215,ORSAY-VILLE,3.87,9H-10H,3428.8695652173915,13269.725217391306
216,216,PALAISEAU,4.44,10H-11H,1579.603260869565,7013.43847826087
217,217,PALAISEAU,3.47,14H-15H,1579.603260869565,5481.223315217392
218,218,PALAISEAU,5.46,17H-18H,1579.603260869565,8624.633804347826
219,219,PALAISEAU,1.58,20H-21H,1579.603260869565,2495.773152173913
220,220,PALAISEAU-VILLEBON,1.09,20H-21H,1441.521739130435,1571.258695652174
221,221,PALAISEAU-VILLEBON,0.19,4H-5H,1441.521739130435,273.8891304347826
222,222,PARC DES EXPOSITIONS,0.03,0H-1H,3891.5494505494507,116.74648351648352
223,223,PARC DES EXPOSITIONS,3.0,11H-12H,3891.5494505494507,11674.648351648351
224,224,PARC DES EXPOSITIONS,5.21,14H-15H,3891.5494505494507,20274.97263736264
225,225,PARC DES EXPOSITIONS,13.49,16H-17H,3891.5494505494507,52497.00208791209
226,226,PARC DES EXPOSITIONS,8.55,19H-20H,3891.5494505494507,33272.74780219781
227,227,PARC DES EXPOSITIONS,0.0,1H-2H,3891.5494505494507,0.0
228,228,PARC DES EXPOSITIONS,0.08,4H-5H,3891.5494505494507,311.32395604395606
229,229,PARC DES EXPOSITIONS,0.55,5H-6H,3891.5494505494507,2140.3521978021977
230,230,PARC-DE-SCEAUX,0.73,22H-23H,1289.2391304347825,941.1445652173912
231,231,PARC-DE-SCEAUX,0.92,5H-6H,1289.2391304347825,1186.1
232,232,PARC-DE-SCEAUX,2.83,6H-7H,1289.2391304347825,3648.5467391304346
233,233,PARC-DE-SCEAUX,17.62,8H-9H,1289.2391304347825,22716.39347826087
234,234,PORT ROYAL,3.41,10H-11H,7467.16847826087,25463.04451086957
235,235,PORT ROYAL,4.92,12H-13H,7467.16847826087,36738.46891304348
236,236,PORT ROYAL,0.0,3H-4H,7467.16847826087,0.0
237,237,PORT ROYAL,0.01,4H-5H,7467.16847826087,74.6716847826087
238,238,ROBINSON,3.3,11H-12H,4981.239130434783,16438.089130434782
239,239,ROBINSON,3.66,13H-14H,4981.239130434783,18231.335217391308
240,240,ROBINSON,4.56,15H-16H,4981.239130434783,22714.450434782608
241,241,ROBINSON,8.3,16H-17H,4981.239130434783,41344.2847826087
242,242,ROBINSON,3.92,19H-20H,4981.239130434783,19526.45739130435
243,243,ROBINSON,0.34,23H-0H,4981.239130434783,1693.6213043478265
244,244,ROBINSON,1.3,5H-6H,4981.239130434783,6475.610869565218
245,245,AEROPORT CHARLES DE GAULLE 1,0.05,0H-1H,4751.359550561798,237.5679775280899
246,246,AEROPORT CHARLES DE GAULLE 1,1.95,21H-22H,4751.359550561798,9265.151123595506
247,247,AEROPORT CHARLES DE GAULLE 1,2.12,5H-6H,4751.359550561798,10072.882247191012
248,248,AEROPORT CHARLES DE GAULLE 2-TGV,5.64,11H-12H,6158.989071038252,34736.69836065573
249,249,AEROPORT CHARLES DE GAULLE 2-TGV,1.18,4H-5H,6158.989071038252,7267.607103825137
250,250,AEROPORT CHARLES DE GAULLE 2-TGV,3.01,6H-7H,6158.989071038252,18538.557103825136
251,251,AEROPORT CHARLES DE GAULLE 2-TGV,3.57,7H-8H,6158.989071038252,21987.59098360656
252,252,BLANC-MESNIL,6.61,17H-18H,3551.989010989011,23478.64736263737
253,253,BLANC-MESNIL,1.8,21H-22H,3551.989010989011,6393.5802197802195
254,254,SCEAUX,0.24,0H-1H,1589.1902173913047,381.405652173913
255,255,SCEAUX,4.09,13H-14H,1589.1902173913047,6499.787989130435
256,256,SCEAUX,6.11,18H-19H,1589.1902173913047,9709.952228260869
257,257,SEVRAN-BEAUDOTTES,0.0,1H-2H,8467.601123595505,0.0
258,258,SEVRAN-BEAUDOTTES,1.43,21H-22H,8467.601123595505,12108.66960674157
259,259,SEVRAN-BEAUDOTTES,5.8,9H-10H,8467.601123595505,49112.08651685392
260,260,SEVRAN-LIVRY,2.51,18H-19H,4117.109289617486,10333.944316939891
261,261,SEVRAN-LIVRY,0.64,21H-22H,4117.109289617486,2634.949945355191
262,262,SEVRAN-LIVRY,2.06,3H-4H,4117.109289617486,8481.245136612022
263,263,SEVRAN-LIVRY,10.83,8H-9H,4117.109289617486,44588.293606557374
264,264,SAINT-MICHEL,5.31,14H-15H,18866.54891304348,100181.37472826088
265,265,SAINT-REMY-LES-CHEVREUSE,6.83,17H-18H,1296.5819209039548,8855.654519774012
266,266,SAINT-REMY-LES-CHEVREUSE,4.68,18H-19H,1296.5819209039548,6068.003389830508
267,267,SAINT-REMY-LES-CHEVREUSE,2.05,19H-20H,1296.5819209039548,2657.9929378531074
268,268,SAINT-REMY-LES-CHEVREUSE,1.05,20H-21H,1296.5819209039548,1361.4110169491526
269,269,SAINT-REMY-LES-CHEVREUSE,0.36,22H-23H,1296.5819209039548,466.76949152542375
270,270,SAINT-REMY-LES-CHEVREUSE,0.42,4H-5H,1296.5819209039548,544.564406779661
271,271,VERT-GALANT,3.74,12H-13H,5518.695652173914,20639.92173913044
272,272,VERT-GALANT,13.59,7H-8H,5518.695652173914,74999.07391304348
273,273,VILLEPARISIS-MITRY-LE-NEUF,3.19,11H-12H,2825.5792349726776,9013.597759562841
274,274,VILLEPARISIS-MITRY-LE-NEUF,2.87,13H-14H,2825.5792349726776,8109.412404371585
275,275,VILLEPARISIS-MITRY-LE-NEUF,0.11,23H-0H,2825.5792349726776,310.8137158469945
276,276,VILLEPARISIS-MITRY-LE-NEUF,15.39,6H-7H,2825.5792349726776,43485.66442622951
277,277,VILLEPINTE,3.94,14H-15H,2540.7845303867402,10010.691049723757
278,278,VILLEPINTE,0.0,1H-2H,2540.7845303867402,0.0
279,279,DENFERT-ROCHEREAU,4.8,14H-15H,17593.385869565216,84448.25217391303
280,280,DENFERT-ROCHEREAU,7.23,16H-17H,17593.385869565216,127200.17983695652
281,281,GARE DU NORD,4.13,15H-16H,76449.32608695653,315735.7167391305
282,282,GARE DU NORD,7.84,18H-19H,76449.32608695653,599362.716521739
283,283,GARE DU NORD,2.0,22H-23H,76449.32608695653,152898.65217391305
284,284,BLANC-MESNIL,4.18,18H-19H,3551.989010989011,14847.314065934064
285,285,BLANC-MESNIL,2.65,19H-20H,3551.989010989011,9412.77087912088
286,286,SCEAUX,3.3,10H-11H,1589.1902173913047,5244.327717391304
287,287,SCEAUX,6.2,16H-17H,1589.1902173913047,9852.979347826087
288,288,SCEAUX,7.63,17H-18H,1589.1902173913047,12125.521358695649
289,289,SCEAUX,14.1,7H-8H,1589.1902173913047,22407.582065217393
290,290,SEVRAN-BEAUDOTTES,4.46,10H-11H,8467.601123595505,37765.50101123595
291,291,SEVRAN-BEAUDOTTES,0.8,22H-23H,8467.601123595505,6774.080898876404
292,292,SEVRAN-LIVRY,3.57,12H-13H,4117.109289617486,14698.080163934424
293,293,SEVRAN-LIVRY,1.67,19H-20H,4117.109289617486,6875.572513661201
294,294,SEVRAN-LIVRY,1.11,20H-21H,4117.109289617486,4569.99131147541
295,295,VERT-GALANT,0.04,0H-1H,5518.695652173914,220.7478260869565
296,296,VERT-GALANT,0.0,1H-2H,5518.695652173914,0.0
297,297,VERT-GALANT,0.56,21H-22H,5518.695652173914,3090.4695652173914
298,298,VILLEPARISIS-MITRY-LE-NEUF,1.37,19H-20H,2825.5792349726776,3871.043551912569
299,299,VILLEPINTE,2.97,11H-12H,2540.7845303867402,7546.130055248619
300,300,VILLEPINTE,4.21,15H-16H,2540.7845303867402,10696.702872928176
301,301,VILLEPINTE,1.58,19H-20H,2540.7845303867402,4014.43955801105
302,302,VILLEPINTE,6.48,4H-5H,2540.7845303867402,16464.283756906083
303,303,LA HACQUINIERE,2.6,16H-17H,572.6358695652174,1488.853260869565
304,304,LA HACQUINIERE,0.01,1H-2H,572.6358695652174,5.7263586956521735
305,305,LA HACQUINIERE,1.34,20H-21H,572.6358695652174,767.3320652173912
306,306,LA HACQUINIERE,0.17,23H-0H,572.6358695652174,97.34809782608696
307,307,LA HACQUINIERE,1.48,5H-6H,572.6358695652174,847.5010869565217
308,308,LA HACQUINIERE,28.85,7H-8H,572.6358695652174,16520.544836956524
309,309,LA HACQUINIERE,23.84,8H-9H,572.6358695652174,13651.639130434784
310,310,LAPLACE,0.14,0H-1H,8434.119565217392,1180.776739130435
311,311,LAPLACE,3.39,13H-14H,8434.119565217392,28591.665326086964
312,312,LAPLACE,14.95,17H-18H,8434.119565217392,126090.0875
313,313,LAPLACE,0.01,1H-2H,8434.119565217392,84.34119565217392
314,314,LAPLACE,1.13,5H-6H,8434.119565217392,9530.555108695651
315,315,LAPLACE,11.97,8H-9H,8434.119565217392,100956.41119565217
316,316,LAPLACE,6.2,9H-10H,8434.119565217392,52291.54130434783
317,317,LA PLAINE-STADE DE FRANCE,13.1,16H-17H,14532.70652173913,190378.4554347826
318,318,LA PLAINE-STADE DE FRANCE,0.82,3H-4H,14532.70652173913,11916.819347826087
319,319,LE BOURGET,0.0,1H-2H,10666.902173913044,0.0
320,320,LE BOURGET,1.01,3H-4H,10666.902173913044,10773.571195652174
321,321,LE BOURGET,9.09,5H-6H,10666.902173913044,96962.14076086957
322,322,LE GUICHET,1.91,11H-12H,1695.7065217391305,3238.799456521739
323,323,LE GUICHET,3.32,13H-14H,1695.7065217391305,5629.745652173913
324,324,LE GUICHET,12.15,16H-17H,1695.7065217391305,20602.83423913044
325,325,LE GUICHET,7.64,19H-20H,1695.7065217391305,12955.197826086956
326,326,LE GUICHET,2.58,20H-21H,1695.7065217391305,4374.922826086957
327,327,LE GUICHET,0.54,22H-23H,1695.7065217391305,915.6815217391304
328,328,LE GUICHET,0.09,4H-5H,1695.7065217391305,152.61358695652177
329,329,LE GUICHET,8.75,7H-8H,1695.7065217391305,14837.432065217392
330,330,LES BACONNETS,3.64,13H-14H,4432.175824175824,16133.12
331,331,LES BACONNETS,1.08,22H-23H,4432.175824175824,4786.749890109891
332,332,LES BACONNETS,0.0,2H-3H,4432.175824175824,0.0
333,333,LES BACONNETS,21.52,8H-9H,4432.175824175824,95380.42373626374
334,334,BAGNEUX,5.04,12H-13H,5624.396739130435,28346.959565217392
335,335,BAGNEUX,4.51,13H-14H,5624.396739130435,25366.029293478263
336,336,BAGNEUX,3.51,14H-15H,5624.396739130435,19741.632554347827
337,337,LOZERE,3.3,10H-11H,1151.9673913043478,3801.492391304348
338,338,LOZERE,2.77,14H-15H,1151.9673913043478,3190.949673913043
339,339,LOZERE,8.3,17H-18H,1151.9673913043478,9561.329347826088
340,340,LOZERE,3.16,20H-21H,1151.9673913043478,3640.2169565217387
341,341,LUXEMBOURG,6.74,15H-16H,12565.005434782608,84688.13663043478
342,342,LUXEMBOURG,9.47,19H-20H,12565.005434782608,118990.6014673913
343,343,LUXEMBOURG,0.45,6H-7H,12565.005434782608,5654.252445652174
344,344,MASSY-PALAISEAU,11.01,17H-18H,22462.82608695652,247315.7152173913
345,345,MASSY-PALAISEAU,0.01,3H-4H,22462.82608695652,224.6282608695652
346,346,MASSY-VERRIERES,3.34,18H-19H,1234.0489130434785,4121.723369565218
347,347,MITRY-CLAYE,0.01,0H-1H,2424.3478260869565,24.24347826086957
348,348,MITRY-CLAYE,3.04,11H-12H,2424.3478260869565,7370.017391304348
349,349,MITRY-CLAYE,0.76,21H-22H,2424.3478260869565,1842.504347826087
350,350,ORSAY-VILLE,5.12,12H-13H,3428.8695652173915,17555.812173913044
351,351,ORSAY-VILLE,10.87,18H-19H,3428.8695652173915,37271.812173913044
352,352,ORSAY-VILLE,2.49,20H-21H,3428.8695652173915,8537.885217391306
353,353,PALAISEAU,4.14,11H-12H,1579.603260869565,6539.5575
354,354,PALAISEAU,4.43,12H-13H,1579.603260869565,6997.6424456521745
355,355,PALAISEAU,4.16,13H-14H,1579.603260869565,6571.149565217393
356,356,PALAISEAU,5.24,16H-17H,1579.603260869565,8277.121086956522
357,357,PALAISEAU-VILLEBON,2.96,10H-11H,1441.521739130435,4266.9043478260855
358,358,PALAISEAU-VILLEBON,5.69,15H-16H,1441.521739130435,8202.258695652174
359,359,PALAISEAU-VILLEBON,7.89,16H-17H,1441.521739130435,11373.606521739131
360,360,PALAISEAU-VILLEBON,0.0,3H-4H,1441.521739130435,0.0
361,361,PALAISEAU-VILLEBON,6.01,6H-7H,1441.521739130435,8663.545652173912
362,362,PALAISEAU-VILLEBON,18.74,8H-9H,1441.521739130435,27014.117391304346
363,363,PALAISEAU-VILLEBON,5.9,9H-10H,1441.521739130435,8504.978260869566
364,364,PARC DES EXPOSITIONS,2.38,10H-11H,3891.5494505494507,9261.887692307691
365,365,PARC DES EXPOSITIONS,3.54,12H-13H,3891.5494505494507,13776.085054945057
366,366,PARC DES EXPOSITIONS,0.0,2H-3H,3891.5494505494507,0.0
367,367,PARC DES EXPOSITIONS,0.01,3H-4H,3891.5494505494507,38.91549450549451
368,368,PARC DES EXPOSITIONS,1.39,6H-7H,3891.5494505494507,5409.253736263736
369,369,PARC-DE-SCEAUX,0.38,23H-0H,1289.2391304347825,489.91086956521735
370,370,PORT ROYAL,5.63,14H-15H,7467.16847826087,42040.1585326087
371,371,PORT ROYAL,13.25,17H-18H,7467.16847826087,98939.98233695653
372,372,PORT ROYAL,5.09,20H-21H,7467.16847826087,38007.887554347835
373,373,PORT ROYAL,6.4,8H-9H,7467.16847826087,47789.87826086957
374,374,ROBINSON,3.14,14H-15H,4981.239130434783,15641.09086956522
375,375,ROBINSON,1.01,21H-22H,4981.239130434783,5031.051521739131
376,376,ROBINSON,0.73,22H-23H,4981.239130434783,3636.304565217392
377,377,ROBINSON,5.86,9H-10H,4981.239130434783,29190.061304347833
378,378,AEROPORT CHARLES DE GAULLE 1,4.15,11H-12H,4751.359550561798,19718.14213483146
379,379,AEROPORT CHARLES DE GAULLE 1,5.67,13H-14H,4751.359550561798,26940.208651685392
380,380,AEROPORT CHARLES DE GAULLE 1,8.44,14H-15H,4751.359550561798,40101.47460674157
381,381,AEROPORT CHARLES DE GAULLE 1,11.35,16H-17H,4751.359550561798,53927.930898876395
382,382,AEROPORT CHARLES DE GAULLE 1,3.71,20H-21H,4751.359550561798,17627.543932584267
383,383,AEROPORT CHARLES DE GAULLE 1,1.03,23H-0H,4751.359550561798,4893.900337078651
384,384,AEROPORT CHARLES DE GAULLE 1,2.58,6H-7H,4751.359550561798,12258.507640449441
385,385,AEROPORT CHARLES DE GAULLE 1,3.46,8H-9H,4751.359550561798,16439.704044943817
386,386,AEROPORT CHARLES DE GAULLE 2-TGV,0.06,0H-1H,6158.989071038252,369.5393442622952
387,387,AEROPORT CHARLES DE GAULLE 2-TGV,7.81,15H-16H,6158.989071038252,48101.70464480874
388,388,AEROPORT CHARLES DE GAULLE 2-TGV,6.56,17H-18H,6158.989071038252,40402.96830601093
389,389,AEROPORT CHARLES DE GAULLE 2-TGV,2.84,22H-23H,6158.989071038252,17491.528961748634
390,390,AEROPORT CHARLES DE GAULLE 2-TGV,4.15,8H-9H,6158.989071038252,25559.804644808744
391,391,BLANC-MESNIL,13.72,6H-7H,3551.989010989011,48733.28923076924
392,392,SCEAUX,0.85,22H-23H,1589.1902173913047,1350.8116847826084
393,393,SCEAUX,0.19,4H-5H,1589.1902173913047,301.9461413043478
394,394,SEVRAN-BEAUDOTTES,4.21,5H-6H,8467.601123595505,35648.60073033707
395,395,SEVRAN-LIVRY,3.98,10H-11H,4117.109289617486,16386.094972677594
396,396,SEVRAN-LIVRY,0.41,22H-23H,4117.109289617486,1688.0148087431692
397,397,SEVRAN-LIVRY,0.42,2H-3H,4117.109289617486,1729.185901639344
398,398,SAINT-MICHEL,9.99,16H-17H,18866.54891304348,188476.82364130442
399,399,SAINT-MICHEL,3.21,23H-0H,18866.54891304348,60561.62201086957
400,400,VILLEPARISIS-MITRY-LE-NEUF,2.14,18H-19H,2825.5792349726776,6046.739562841531
401,401,VILLEPINTE,0.02,0H-1H,2540.7845303867402,50.815690607734815
402,402,VILLEPINTE,3.51,17H-18H,2540.7845303867402,8918.153701657458
403,403,VILLEPINTE,13.34,6H-7H,2540.7845303867402,33894.06563535911
404,404,VILLEPINTE,4.7,9H-10H,2540.7845303867402,11941.68729281768
405,405,BAGNEUX,10.18,17H-18H,5624.396739130435,57256.35880434782
406,406,LOZERE,2.64,11H-12H,1151.9673913043478,3041.193913043478
407,407,LOZERE,5.36,16H-17H,1151.9673913043478,6174.5452173913045
408,408,LOZERE,4.75,19H-20H,1151.9673913043478,5471.845108695652
409,409,LOZERE,20.07,7H-8H,1151.9673913043478,23119.985543478262
410,410,BLANC-MESNIL,4.22,15H-16H,3551.989010989011,14989.393626373629
411,411,BLANC-MESNIL,1.8,22H-23H,3551.989010989011,6393.5802197802195
412,412,SCEAUX,3.94,19H-20H,1589.1902173913047,6261.409456521738
413,413,SCEAUX,0.69,23H-0H,1589.1902173913047,1096.5412499999998
414,414,SCEAUX,2.9,6H-7H,1589.1902173913047,4608.651630434782
415,415,SEVRAN-BEAUDOTTES,0.0,3H-4H,8467.601123595505,0.0
416,416,SEVRAN-BEAUDOTTES,0.58,4H-5H,8467.601123595505,4911.2086516853915
417,417,SEVRAN-BEAUDOTTES,10.97,6H-7H,8467.601123595505,92889.58432584268
418,418,SEVRAN-LIVRY,3.75,14H-15H,4117.109289617486,15439.159836065572
419,419,SEVRAN-LIVRY,0.22,23H-0H,4117.109289617486,905.7640437158467
420,420,SAINT-MICHEL,2.47,10H-11H,18866.54891304348,46600.375815217405
421,421,SAINT-MICHEL,0.13,1H-2H,18866.54891304348,2452.651358695653
422,422,SAINT-MICHEL,5.57,20H-21H,18866.54891304348,105086.67744565217
423,423,SAINT-MICHEL,3.18,22H-23H,18866.54891304348,59995.62554347827
424,424,SAINT-REMY-LES-CHEVREUSE,2.69,13H-14H,1296.5819209039548,3487.8053672316387
425,425,SAINT-REMY-LES-CHEVREUSE,2.36,15H-16H,1296.5819209039548,3059.933333333333
426,426,SAINT-REMY-LES-CHEVREUSE,4.02,16H-17H,1296.5819209039548,5212.259322033898
427,427,SAINT-REMY-LES-CHEVREUSE,0.0,3H-4H,1296.5819209039548,0.0
428,428,SAINT-REMY-LES-CHEVREUSE,30.3,7H-8H,1296.5819209039548,39286.43220338984
429,429,VERT-GALANT,2.9,18H-19H,5518.695652173914,16004.217391304348
430,430,VERT-GALANT,1.72,19H-20H,5518.695652173914,9492.156521739129
431,431,VERT-GALANT,0.18,23H-0H,5518.695652173914,993.3652173913043
432,432,VERT-GALANT,0.34,3H-4H,5518.695652173914,1876.3565217391306
433,433,VILLEPARISIS-MITRY-LE-NEUF,0.02,0H-1H,2825.5792349726776,56.51158469945354
434,434,VILLEPARISIS-MITRY-LE-NEUF,3.62,10H-11H,2825.5792349726776,10228.596830601093
435,435,VILLEPARISIS-MITRY-LE-NEUF,0.46,21H-22H,2825.5792349726776,1299.7664480874314
436,436,VILLEPINTE,3.43,12H-13H,2540.7845303867402,8714.89093922652
437,437,VILLEPINTE,13.08,5H-6H,2540.7845303867402,33233.46165745857
438,438,VILLEPINTE,13.68,7H-8H,2540.7845303867402,34757.93237569061
439,439,DENFERT-ROCHEREAU,3.04,11H-12H,17593.385869565216,53483.89304347826
440,440,DENFERT-ROCHEREAU,5.42,15H-16H,17593.385869565216,95356.15141304348
441,441,DENFERT-ROCHEREAU,7.74,16H-17H,17593.385869565216,136172.80663043482
442,442,DENFERT-ROCHEREAU,0.02,1H-2H,17593.385869565216,351.8677173913043
443,443,DENFERT-ROCHEREAU,4.49,20H-21H,17593.385869565216,78994.30255434783
444,444,DENFERT-ROCHEREAU,2.88,21H-22H,17593.385869565216,50668.95130434782
445,445,DENFERT-ROCHEREAU,2.68,23H-0H,17593.385869565216,47150.27413043479
446,446,DENFERT-ROCHEREAU,0.77,5H-6H,17593.385869565216,13546.907119565214
447,447,DENFERT-ROCHEREAU,1.62,6H-7H,17593.385869565216,28501.28510869565
448,448,DRANCY,4.36,15H-16H,7047.91304347826,30728.90086956522
449,449,DRANCY,0.04,2H-3H,7047.91304347826,281.91652173913053
450,450,DRANCY,0.54,3H-4H,7047.91304347826,3805.873043478261
451,451,DRANCY,13.84,7H-8H,7047.91304347826,97543.11652173912
452,452,DRANCY,6.41,9H-10H,7047.91304347826,45177.12260869565
453,453,FONTAINE-MICHALON,0.11,0H-1H,1617.5489130434785,177.93038043478265
454,454,FONTAINE-MICHALON,3.51,12H-13H,1617.5489130434785,5677.5966847826085
455,455,FONTAINE-MICHALON,2.55,14H-15H,1617.5489130434785,4124.749728260869
456,456,FONTAINE-MICHALON,4.58,17H-18H,1617.5489130434785,7408.37402173913
457,457,FONTENAY-AUX-ROSES,3.07,14H-15H,2661.1521739130435,8169.737173913043
458,458,FONTENAY-AUX-ROSES,6.84,17H-18H,2661.1521739130435,18202.280869565217
459,459,FONTENAY-AUX-ROSES,5.02,18H-19H,2661.1521739130435,13358.98391304348
460,460,FONTENAY-AUX-ROSES,0.04,1H-2H,2661.1521739130435,106.44608695652174
461,461,FONTENAY-AUX-ROSES,0.62,23H-0H,2661.1521739130435,1649.9143478260871
462,462,FONTENAY-AUX-ROSES,0.0,2H-3H,2661.1521739130435,0.0
463,463,GENTILLY,0.2,0H-1H,5464.619565217391,1092.9239130434785
464,464,GENTILLY,3.38,13H-14H,5464.619565217391,18470.41413043478
465,465,GENTILLY,3.86,15H-16H,5464.619565217391,21093.43152173913
466,466,GENTILLY,7.02,16H-17H,5464.619565217391,38361.62934782609
467,467,GIF-SUR-YVETTE,0.01,0H-1H,1359.266304347826,13.59266304347826
468,468,GIF-SUR-YVETTE,3.39,10H-11H,1359.266304347826,4607.912771739129
469,469,GIF-SUR-YVETTE,3.41,13H-14H,1359.266304347826,4635.098097826087
470,470,GIF-SUR-YVETTE,3.55,19H-20H,1359.266304347826,4825.395380434782
471,471,GIF-SUR-YVETTE,1.54,20H-21H,1359.266304347826,2093.2701086956517
472,472,LA COURNEUVE-AUBERVILLIERS,3.82,13H-14H,11722.66847826087,44780.59358695652
473,473,LA COURNEUVE-AUBERVILLIERS,4.77,15H-16H,11722.66847826087,55917.128641304334
474,474,LA COURNEUVE-AUBERVILLIERS,0.47,23H-0H,11722.66847826087,5509.654184782607
475,475,AULNAY-SOUS-BOIS,0.14,0H-1H,15838.554347826086,2217.3976086956523
476,476,AULNAY-SOUS-BOIS,5.1,15H-16H,15838.554347826086,80776.62717391303
477,477,AULNAY-SOUS-BOIS,0.01,1H-2H,15838.554347826086,158.38554347826087
478,478,AULNAY-SOUS-BOIS,1.18,21H-22H,15838.554347826086,18689.49413043478
479,479,AULNAY-SOUS-BOIS,2.93,4H-5H,15838.554347826086,46406.96423913044
480,480,LA CROIX-DE-BERNY-FRESNES,4.02,12H-13H,7856.554347826086,31583.348478260865
481,481,LA CROIX-DE-BERNY-FRESNES,2.96,20H-21H,7856.554347826086,23255.400869565216
482,482,GARE DU NORD,3.82,11H-12H,76449.32608695653,292036.42565217393
483,483,GARE DU NORD,6.75,14H-15H,76449.32608695653,516032.9510869565
484,484,GARE DU NORD,9.42,17H-18H,76449.32608695653,720152.6517391305
485,485,GARE DU NORD,0.1,2H-3H,76449.32608695653,7644.9326086956535
486,486,GARE DU NORD,2.17,4H-5H,76449.32608695653,165895.03760869565
487,487,GARE DU NORD,7.71,6H-7H,76449.32608695653,589424.3041304349
488,488,GARE DU NORD,4.24,8H-9H,76449.32608695653,324145.1426086957
489,489,GARE DU NORD,10.9,16H-17H,76449.32608695653,833297.6543478261
490,490,GARE DU NORD,6.98,18H-19H,76449.32608695653,533616.2960869565
491,491,GARE DU NORD,4.42,19H-20H,76449.32608695653,337906.02130434784
492,492,GARE DU NORD,0.01,1H-2H,76449.32608695653,764.4932608695652
493,493,GARE DU NORD,0.55,3H-4H,76449.32608695653,42047.12934782609
494,494,GARE DU NORD,0.01,4H-5H,76449.32608695653,764.4932608695652
495,495,GARE DU NORD,16.76,8H-9H,76449.32608695653,1281290.7052173915
496,496,DENFERT-ROCHEREAU,1.28,0H-1H,17593.385869565216,22519.53391304348
497,497,DENFERT-ROCHEREAU,7.97,19H-20H,17593.385869565216,140219.28538043474
498,498,DENFERT-ROCHEREAU,0.03,2H-3H,17593.385869565216,527.8015760869565
499,499,DENFERT-ROCHEREAU,0.0,3H-4H,17593.385869565216,0.0
500,500,DENFERT-ROCHEREAU,0.0,4H-5H,17593.385869565216,0.0
501,501,DENFERT-ROCHEREAU,0.89,6H-7H,17593.385869565216,15658.113423913042
502,502,DENFERT-ROCHEREAU,11.0,8H-9H,17593.385869565216,193527.24456521735
503,503,DENFERT-ROCHEREAU,6.9,9H-10H,17593.385869565216,121394.3625
504,504,LA CROIX-DE-BERNY-FRESNES,0.0,3H-4H,7856.554347826086,0.0
505,505,LA HACQUINIERE,0.0,0H-1H,572.6358695652174,0.0
506,506,LA HACQUINIERE,3.05,18H-19H,572.6358695652174,1746.539402173913
507,507,LA HACQUINIERE,0.39,4H-5H,572.6358695652174,223.3279891304348
508,508,LAPLACE,4.63,15H-16H,8434.119565217392,39049.973586956534
509,509,LAPLACE,13.83,18H-19H,8434.119565217392,116643.87358695653
510,510,LAPLACE,1.33,21H-22H,8434.119565217392,11217.37902173913
511,511,LAPLACE,0.54,23H-0H,8434.119565217392,4554.424565217392
512,512,LAPLACE,0.0,2H-3H,8434.119565217392,0.0
513,513,LA PLAINE-STADE DE FRANCE,3.03,10H-11H,14532.70652173913,44034.10076086956
514,514,LA PLAINE-STADE DE FRANCE,3.37,12H-13H,14532.70652173913,48975.22097826087
515,515,LA PLAINE-STADE DE FRANCE,11.0,15H-16H,14532.70652173913,159859.77173913046
516,516,LA PLAINE-STADE DE FRANCE,4.49,19H-20H,14532.70652173913,65251.8522826087
517,517,LA PLAINE-STADE DE FRANCE,0.46,23H-0H,14532.70652173913,6685.045
518,518,LA PLAINE-STADE DE FRANCE,0.04,2H-3H,14532.70652173913,581.3082608695653
519,519,LA PLAINE-STADE DE FRANCE,1.86,4H-5H,14532.70652173913,27030.834130434785
520,520,LA PLAINE-STADE DE FRANCE,5.0,6H-7H,14532.70652173913,72663.53260869565
521,521,LE BOURGET,3.98,10H-11H,10666.902173913044,42454.270652173924
522,522,LE BOURGET,0.74,22H-23H,10666.902173913044,7893.5076086956515
523,523,LE BOURGET,0.42,23H-0H,10666.902173913044,4480.098913043478
524,524,LE BOURGET,10.16,7H-8H,10666.902173913044,108375.72608695652
525,525,LE BOURGET,5.1,9H-10H,10666.902173913044,54401.20108695652
526,526,LE GUICHET,14.44,18H-19H,1695.7065217391305,24486.002173913042
527,527,LE GUICHET,0.75,21H-22H,1695.7065217391305,1271.779891304348
528,528,LE GUICHET,0.62,5H-6H,1695.7065217391305,1051.338043478261
529,529,LE GUICHET,2.37,6H-7H,1695.7065217391305,4018.82445652174
530,530,LE GUICHET,3.0,9H-10H,1695.7065217391305,5087.119565217392
531,531,LES BACONNETS,3.42,11H-12H,4432.175824175824,15158.041318681318
532,532,LES BACONNETS,3.84,15H-16H,4432.175824175824,17019.555164835165
533,533,LES BACONNETS,4.82,16H-17H,4432.175824175824,21363.087472527477
534,534,LES BACONNETS,1.08,21H-22H,4432.175824175824,4786.749890109891
535,535,LES BACONNETS,0.0,3H-4H,4432.175824175824,0.0
536,536,LES BACONNETS,0.26,4H-5H,4432.175824175824,1152.3657142857146
537,537,LES BACONNETS,5.68,6H-7H,4432.175824175824,25174.758681318683
538,538,BAGNEUX,4.51,15H-16H,5624.396739130435,25366.029293478263
539,539,BAGNEUX,1.31,21H-22H,5624.396739130435,7367.95972826087
540,540,BAGNEUX,1.69,5H-6H,5624.396739130435,9505.230489130436
541,541,LOZERE,7.92,18H-19H,1151.9673913043478,9123.581739130435
542,542,LOZERE,0.01,1H-2H,1151.9673913043478,11.519673913043478
543,543,LOZERE,1.32,21H-22H,1151.9673913043478,1520.596956521739
544,544,LOZERE,0.66,23H-0H,1151.9673913043478,760.2984782608695
545,545,LOZERE,1.13,5H-6H,1151.9673913043478,1301.723152173913
546,546,LOZERE,4.75,6H-7H,1151.9673913043478,5471.845108695652
547,547,LUXEMBOURG,2.24,10H-11H,12565.005434782608,28145.612173913043
548,548,LUXEMBOURG,13.23,18H-19H,12565.005434782608,166235.0219021739
549,549,LUXEMBOURG,0.0,2H-3H,12565.005434782608,0.0
550,550,LUXEMBOURG,4.63,8H-9H,12565.005434782608,58175.97516304348
551,551,MASSY-PALAISEAU,2.73,14H-15H,22462.82608695652,61323.5152173913
552,552,MASSY-PALAISEAU,3.53,15H-16H,22462.82608695652,79293.77608695651
553,553,MASSY-PALAISEAU,11.21,18H-19H,22462.82608695652,251808.28043478265
554,554,MASSY-PALAISEAU,2.87,20H-21H,22462.82608695652,64468.31086956521
555,555,MASSY-PALAISEAU,0.01,2H-3H,22462.82608695652,224.6282608695652
556,556,MASSY-PALAISEAU,4.52,6H-7H,22462.82608695652,101531.97391304346
557,557,MASSY-PALAISEAU,6.17,9H-10H,22462.82608695652,138595.63695652172
558,558,MASSY-VERRIERES,3.71,10H-11H,1234.0489130434785,4578.3214673913035
559,559,MASSY-VERRIERES,3.03,11H-12H,1234.0489130434785,3739.1682065217383
560,560,MASSY-VERRIERES,2.68,14H-15H,1234.0489130434785,3307.2510869565217
561,561,MASSY-VERRIERES,0.7,21H-22H,1234.0489130434785,863.8342391304348
562,562,MASSY-VERRIERES,2.36,5H-6H,1234.0489130434785,2912.3554347826084
563,563,MASSY-VERRIERES,22.4,7H-8H,1234.0489130434785,27642.695652173912
564,564,MASSY-VERRIERES,7.3,9H-10H,1234.0489130434785,9008.55706521739
565,565,MITRY-CLAYE,3.75,12H-13H,2424.3478260869565,9091.304347826086
566,566,MITRY-CLAYE,5.36,15H-16H,2424.3478260869565,12994.504347826089
567,567,MITRY-CLAYE,2.72,19H-20H,2424.3478260869565,6594.2260869565225
568,568,MITRY-CLAYE,0.37,4H-5H,2424.3478260869565,897.008695652174
569,569,ORSAY-VILLE,4.15,13H-14H,3428.8695652173915,14229.808695652175
570,570,ORSAY-VILLE,0.08,4H-5H,3428.8695652173915,274.3095652173913
571,571,PALAISEAU,2.54,19H-20H,1579.603260869565,4012.192282608696
572,572,PALAISEAU,2.54,5H-6H,1579.603260869565,4012.192282608696
573,573,PALAISEAU,7.93,9H-10H,1579.603260869565,12526.253858695653
574,574,PALAISEAU-VILLEBON,2.96,14H-15H,1441.521739130435,4266.9043478260855
575,575,PALAISEAU-VILLEBON,0.51,22H-23H,1441.521739130435,735.1760869565218
576,576,PALAISEAU-VILLEBON,19.78,7H-8H,1441.521739130435,28513.3
577,577,PARC DES EXPOSITIONS,3.71,13H-14H,3891.5494505494507,14437.648461538462
578,578,PARC DES EXPOSITIONS,17.32,18H-19H,3891.5494505494507,67401.63648351649
579,579,PARC DES EXPOSITIONS,0.99,22H-23H,3891.5494505494507,3852.6339560439565
580,580,PARC DES EXPOSITIONS,0.36,23H-0H,3891.5494505494507,1400.9578021978025
581,581,PARC DES EXPOSITIONS,2.24,9H-10H,3891.5494505494507,8717.07076923077
582,582,PARC-DE-SCEAUX,3.45,13H-14H,1289.2391304347825,4447.875
583,583,PARC-DE-SCEAUX,6.31,16H-17H,1289.2391304347825,8135.098913043476
584,584,PARC-DE-SCEAUX,0.04,1H-2H,1289.2391304347825,51.5695652173913
585,585,PARC-DE-SCEAUX,0.84,21H-22H,1289.2391304347825,1082.9608695652173
586,586,PORT ROYAL,3.79,11H-12H,7467.16847826087,28300.568532608697
587,587,PORT ROYAL,4.93,13H-14H,7467.16847826087,36813.14059782609
588,588,PORT ROYAL,11.31,16H-17H,7467.16847826087,84453.67548913044
589,589,PORT ROYAL,10.28,18H-19H,7467.16847826087,76762.49195652174
590,590,PORT ROYAL,7.95,19H-20H,7467.16847826087,59363.989402173924
591,591,PORT ROYAL,3.26,7H-8H,7467.16847826087,24342.969239130434
592,592,ROBINSON,0.0,2H-3H,4981.239130434783,0.0
593,593,ROBINSON,14.84,7H-8H,4981.239130434783,73921.58869565217
594,594,AEROPORT CHARLES DE GAULLE 1,3.66,10H-11H,4751.359550561798,17389.975955056183
595,595,AEROPORT CHARLES DE GAULLE 1,0.01,1H-2H,4751.359550561798,47.51359550561798
596,596,AEROPORT CHARLES DE GAULLE 1,0.18,2H-3H,4751.359550561798,855.2447191011237
597,597,AEROPORT CHARLES DE GAULLE 1,1.11,4H-5H,4751.359550561798,5274.009101123596
598,598,AEROPORT CHARLES DE GAULLE 1,3.43,9H-10H,4751.359550561798,16297.163258426965
599,599,AEROPORT CHARLES DE GAULLE 2-TGV,4.79,10H-11H,6158.989071038252,29501.557650273222
600,600,AEROPORT CHARLES DE GAULLE 2-TGV,7.22,13H-14H,6158.989071038252,44467.90109289617
601,601,AEROPORT CHARLES DE GAULLE 2-TGV,7.0,16H-17H,6158.989071038252,43112.923497267766
602,602,AEROPORT CHARLES DE GAULLE 2-TGV,6.88,18H-19H,6158.989071038252,42373.84480874317
603,603,AEROPORT CHARLES DE GAULLE 2-TGV,5.86,19H-20H,6158.989071038252,36091.67595628416
604,604,AEROPORT CHARLES DE GAULLE 2-TGV,0.01,1H-2H,6158.989071038252,61.58989071038252
605,605,AEROPORT CHARLES DE GAULLE 2-TGV,6.15,20H-21H,6158.989071038252,37877.78278688525
606,606,AEROPORT CHARLES DE GAULLE 2-TGV,0.53,3H-4H,6158.989071038252,3264.264207650273
607,607,AEROPORT CHARLES DE GAULLE 2-TGV,4.77,9H-10H,6158.989071038252,29378.377868852454
608,608,BLANC-MESNIL,3.79,10H-11H,3551.989010989011,13462.038351648353
609,609,BLANC-MESNIL,0.0,3H-4H,3551.989010989011,0.0
610,610,SCEAUX,3.46,11H-12H,1589.1902173913047,5498.598152173912
611,611,SEVRAN-BEAUDOTTES,4.58,13H-14H,8467.601123595505,38781.613146067415
612,612,SEVRAN-BEAUDOTTES,4.73,15H-16H,8467.601123595505,40051.753314606736
613,613,SEVRAN-BEAUDOTTES,6.51,17H-18H,8467.601123595505,55124.08331460673
614,614,SEVRAN-LIVRY,0.07,1H-2H,4117.109289617486,288.19765027322404
615,615,SEVRAN-LIVRY,14.34,6H-7H,4117.109289617486,59039.34721311474
616,616,SAINT-MICHEL,3.39,11H-12H,18866.54891304348,63957.6008152174
617,617,SAINT-MICHEL,4.81,12H-13H,18866.54891304348,90748.10027173912
618,618,SAINT-MICHEL,12.31,18H-19H,18866.54891304348,232247.21711956523
619,619,SAINT-MICHEL,0.01,2H-3H,18866.54891304348,188.6654891304348
620,620,SAINT-MICHEL,0.0,3H-4H,18866.54891304348,0.0
621,621,SAINT-MICHEL,0.21,5H-6H,18866.54891304348,3961.97527173913
622,622,SAINT-MICHEL,2.93,9H-10H,18866.54891304348,55278.9883152174
623,623,SAINT-REMY-LES-CHEVREUSE,0.0,0H-1H,1296.5819209039548,0.0
624,624,SAINT-REMY-LES-CHEVREUSE,3.17,12H-13H,1296.5819209039548,4110.164689265536
625,625,SAINT-REMY-LES-CHEVREUSE,6.5,9H-10H,1296.5819209039548,8427.782485875707
626,626,VERT-GALANT,3.52,11H-12H,5518.695652173914,19425.808695652173
627,627,VERT-GALANT,3.4,13H-14H,5518.695652173914,18763.565217391304
628,628,VERT-GALANT,4.44,16H-17H,5518.695652173914,24503.008695652177
629,629,VERT-GALANT,4.4,4H-5H,5518.695652173914,24282.26086956522
630,630,VERT-GALANT,14.56,6H-7H,5518.695652173914,80352.20869565218
631,631,VILLEPARISIS-MITRY-LE-NEUF,3.31,14H-15H,2825.5792349726776,9352.667267759563
632,632,VILLEPARISIS-MITRY-LE-NEUF,14.96,5H-6H,2825.5792349726776,42270.66535519127
633,633,VILLEPARISIS-MITRY-LE-NEUF,5.23,9H-10H,2825.5792349726776,14777.779398907105
634,634,VILLEPINTE,1.03,20H-21H,2540.7845303867402,2617.008066298343
635,635,DENFERT-ROCHEREAU,3.13,10H-11H,17593.385869565216,55067.29777173913
636,636,DENFERT-ROCHEREAU,4.5,13H-14H,17593.385869565216,79170.23641304347
637,637,DENFERT-ROCHEREAU,7.41,19H-20H,17593.385869565216,130366.98929347824
638,638,DENFERT-ROCHEREAU,2.72,22H-23H,17593.385869565216,47854.009565217384
639,639,DRANCY,4.44,10H-11H,7047.91304347826,31292.73391304348
640,640,DRANCY,3.28,14H-15H,7047.91304347826,23117.15478260869
641,641,DRANCY,1.95,19H-20H,7047.91304347826,13743.43043478261
642,642,DRANCY,0.0,1H-2H,7047.91304347826,0.0
643,643,DRANCY,0.48,22H-23H,7047.91304347826,3382.998260869565
644,644,DRANCY,4.05,4H-5H,7047.91304347826,28544.047826086957
645,645,FONTAINE-MICHALON,3.8,10H-11H,1617.5489130434785,6146.685869565217
646,646,FONTAINE-MICHALON,3.04,15H-16H,1617.5489130434785,4917.348695652174
647,647,FONTAINE-MICHALON,4.06,16H-17H,1617.5489130434785,6567.248586956521
648,648,FONTAINE-MICHALON,0.01,1H-2H,1617.5489130434785,16.175489130434784
649,649,FONTAINE-MICHALON,2.2,5H-6H,1617.5489130434785,3558.6076086956523
650,650,FONTAINE-MICHALON,8.15,9H-10H,1617.5489130434785,13183.023641304348
651,651,FONTENAY-AUX-ROSES,0.14,0H-1H,2661.1521739130435,372.5613043478261
652,652,FONTENAY-AUX-ROSES,3.58,15H-16H,2661.1521739130435,9526.924782608696
653,653,FONTENAY-AUX-ROSES,17.02,7H-8H,2661.1521739130435,45292.81
654,654,GENTILLY,12.71,17H-18H,5464.619565217391,69455.31467391305
655,655,GENTILLY,3.02,20H-21H,5464.619565217391,16503.151086956517
656,656,GENTILLY,0.02,4H-5H,5464.619565217391,109.29239130434782
657,657,GENTILLY,2.44,6H-7H,5464.619565217391,13333.671739130434
658,658,GENTILLY,9.01,7H-8H,5464.619565217391,49236.222282608695
659,659,GENTILLY,13.74,8H-9H,5464.619565217391,75083.87282608695
660,660,GENTILLY,7.01,9H-10H,5464.619565217391,38306.98315217391
661,661,GIF-SUR-YVETTE,23.75,7H-8H,1359.266304347826,32282.574728260868
662,662,LA COURNEUVE-AUBERVILLIERS,5.98,18H-19H,11722.66847826087,70101.55750000001
663,663,LA COURNEUVE-AUBERVILLIERS,12.73,7H-8H,11722.66847826087,149229.5697282609
664,664,AULNAY-SOUS-BOIS,3.99,10H-11H,15838.554347826086,63195.831847826084
665,665,AULNAY-SOUS-BOIS,4.06,12H-13H,15838.554347826086,64304.530652173904
666,666,AULNAY-SOUS-BOIS,3.71,13H-14H,15838.554347826086,58761.03663043478
667,667,AULNAY-SOUS-BOIS,6.77,17H-18H,15838.554347826086,107227.0129347826
668,668,AULNAY-SOUS-BOIS,0.42,23H-0H,15838.554347826086,6652.192826086955
669,669,AULNAY-SOUS-BOIS,5.17,9H-10H,15838.554347826086,81885.32597826088
670,670,LA CROIX-DE-BERNY-FRESNES,3.7,13H-14H,7856.554347826086,29069.251086956523
671,671,LA CROIX-DE-BERNY-FRESNES,3.59,14H-15H,7856.554347826086,28205.03010869565
672,672,LA CROIX-DE-BERNY-FRESNES,4.45,15H-16H,7856.554347826086,34961.66684782609
673,673,LA CROIX-DE-BERNY-FRESNES,1.26,22H-23H,7856.554347826086,9899.25847826087
674,674,BLANC-MESNIL,0.05,0H-1H,3551.989010989011,177.5994505494506
675,675,BLANC-MESNIL,2.08,20H-21H,3551.989010989011,7388.137142857144
676,676,SCEAUX,7.32,9H-10H,1589.1902173913047,11632.872391304349
677,677,SEVRAN-BEAUDOTTES,4.37,14H-15H,8467.601123595505,37003.416910112355
678,678,SEVRAN-LIVRY,3.55,11H-12H,4117.109289617486,14615.737978142075
679,679,SEVRAN-LIVRY,3.45,13H-14H,4117.109289617486,14204.027049180328
680,680,SEVRAN-LIVRY,6.11,4H-5H,4117.109289617486,25155.53775956284
681,681,SEVRAN-LIVRY,12.5,7H-8H,4117.109289617486,51463.866120218576
682,682,VILLEPARISIS-MITRY-LE-NEUF,3.87,15H-16H,2825.5792349726776,10934.991639344262
683,683,VILLEPARISIS-MITRY-LE-NEUF,14.4,7H-8H,2825.5792349726776,40688.340983606555
684,684,VILLEPINTE,3.63,10H-11H,2540.7845303867402,9223.047845303869
685,685,VILLEPINTE,0.63,21H-22H,2540.7845303867402,1600.6942541436465
686,686,BURES-SUR-YVETTE,7.92,8H-9H,1350.4565217391305,10695.615652173914
687,687,CITE UNIVERSITAIRE,1.26,23H-0H,16885.853260869564,21276.17510869565
688,688,CITE UNIVERSITAIRE,2.04,6H-7H,16885.853260869564,34447.14065217391
689,689,ANTONY,3.46,10H-11H,11292.179347826086,39070.94054347826
690,690,COURCELLE-SUR-YVETTE,3.62,10H-11H,567.2142857142858,2053.315714285714
691,691,COURCELLE-SUR-YVETTE,7.89,12H-13H,567.2142857142858,4475.3207142857145
692,692,COURCELLE-SUR-YVETTE,3.25,14H-15H,567.2142857142858,1843.4464285714284
693,693,COURCELLE-SUR-YVETTE,7.0,15H-16H,567.2142857142858,3970.5
694,694,COURCELLE-SUR-YVETTE,0.64,21H-22H,567.2142857142858,363.01714285714286
695,695,COURCELLE-SUR-YVETTE,12.44,7H-8H,567.2142857142858,7056.1457142857125
696,696,ARCUEIL-CACHAN,7.12,16H-17H,8561.91847826087,60960.859565217404
697,697,ARCUEIL-CACHAN,1.24,21H-22H,8561.91847826087,10616.77891304348
698,698,ARCUEIL-CACHAN,0.62,23H-0H,8561.91847826087,5308.38945652174
699,699,ARCUEIL-CACHAN,0.0,3H-4H,8561.91847826087,0.0
700,700,ARCUEIL-CACHAN,10.89,7H-8H,8561.91847826087,93239.29222826088
701,701,ARCUEIL-CACHAN,16.19,8H-9H,8561.91847826087,138617.4601630435
702,702,DENFERT-ROCHEREAU,0.0,2H-3H,17593.385869565216,0.0
703,703,DENFERT-ROCHEREAU,0.02,4H-5H,17593.385869565216,351.8677173913043
704,704,DENFERT-ROCHEREAU,5.54,7H-8H,17593.385869565216,97467.35771739126
705,705,DRANCY,3.5,11H-12H,7047.91304347826,24667.695652173912
706,706,DRANCY,4.85,17H-18H,7047.91304347826,34182.37826086956
707,707,DRANCY,0.76,21H-22H,7047.91304347826,5356.413913043479
708,708,DRANCY,0.26,23H-0H,7047.91304347826,1832.4573913043482
709,709,DRANCY,9.98,5H-6H,7047.91304347826,70338.17217391303
710,710,DRANCY,12.76,6H-7H,7047.91304347826,89931.37043478261
711,711,FONTAINE-MICHALON,3.2,13H-14H,1617.5489130434785,5176.156521739131
712,712,FONTAINE-MICHALON,3.34,18H-19H,1617.5489130434785,5402.613369565217
713,713,FONTAINE-MICHALON,2.19,19H-20H,1617.5489130434785,3542.4321195652174
714,714,FONTAINE-MICHALON,0.7,21H-22H,1617.5489130434785,1132.2842391304348
715,715,FONTAINE-MICHALON,0.93,22H-23H,1617.5489130434785,1504.320489130435
716,716,FONTAINE-MICHALON,0.0,2H-3H,1617.5489130434785,0.0
717,717,FONTAINE-MICHALON,5.74,6H-7H,1617.5489130434785,9284.730760869565
718,718,FONTAINE-MICHALON,26.13,8H-9H,1617.5489130434785,42266.55309782609
719,719,FONTENAY-AUX-ROSES,3.74,10H-11H,2661.1521739130435,9952.709130434783
720,720,FONTENAY-AUX-ROSES,3.3,11H-12H,2661.1521739130435,8781.802173913044
721,721,FONTENAY-AUX-ROSES,3.57,19H-20H,2661.1521739130435,9500.313260869565
722,722,FONTENAY-AUX-ROSES,0.38,4H-5H,2661.1521739130435,1011.2378260869564
723,723,FONTENAY-AUX-ROSES,1.93,5H-6H,2661.1521739130435,5136.023695652174
724,724,FONTENAY-AUX-ROSES,4.45,6H-7H,2661.1521739130435,11842.127173913044
725,725,GENTILLY,7.36,19H-20H,5464.619565217391,40219.6
726,726,GENTILLY,0.5,23H-0H,5464.619565217391,2732.3097826086955
727,727,GIF-SUR-YVETTE,4.49,16H-17H,1359.266304347826,6103.105706521739
728,728,GIF-SUR-YVETTE,7.33,17H-18H,1359.266304347826,9963.422010869564
729,729,GIF-SUR-YVETTE,1.03,5H-6H,1359.266304347826,1400.0442934782611
730,730,GIF-SUR-YVETTE,17.52,8H-9H,1359.266304347826,23814.34565217391
731,731,GIF-SUR-YVETTE,6.34,9H-10H,1359.266304347826,8617.748369565217
732,732,LA COURNEUVE-AUBERVILLIERS,0.15,0H-1H,11722.66847826087,1758.4002717391306
733,733,LA COURNEUVE-AUBERVILLIERS,4.23,10H-11H,11722.66847826087,49586.887663043475
734,734,LA COURNEUVE-AUBERVILLIERS,8.49,17H-18H,11722.66847826087,99525.45538043477
735,735,LA COURNEUVE-AUBERVILLIERS,1.7,21H-22H,11722.66847826087,19928.536413043483
736,736,LA COURNEUVE-AUBERVILLIERS,0.0,2H-3H,11722.66847826087,0.0
737,737,LA COURNEUVE-AUBERVILLIERS,0.01,3H-4H,11722.66847826087,117.2266847826087
738,738,AULNAY-SOUS-BOIS,4.64,18H-19H,15838.554347826086,73490.89217391303
739,739,AULNAY-SOUS-BOIS,0.75,22H-23H,15838.554347826086,11878.915760869562
740,740,AULNAY-SOUS-BOIS,6.4,5H-6H,15838.554347826086,101366.74782608695
741,741,AULNAY-SOUS-BOIS,11.09,6H-7H,15838.554347826086,175649.5677173913
742,742,AULNAY-SOUS-BOIS,13.26,7H-8H,15838.554347826086,210019.2306521739
743,743,LA CROIX-DE-BERNY-FRESNES,3.75,10H-11H,7856.554347826086,29462.078804347828
744,744,LA CROIX-DE-BERNY-FRESNES,10.12,17H-18H,7856.554347826086,79508.32999999999
745,745,LA CROIX-DE-BERNY-FRESNES,9.99,18H-19H,7856.554347826086,78486.97793478261
746,746,LA CROIX-DE-BERNY-FRESNES,0.02,1H-2H,7856.554347826086,157.13108695652176
747,747,LA CROIX-DE-BERNY-FRESNES,0.66,23H-0H,7856.554347826086,5185.3258695652175
748,748,LA CROIX-DE-BERNY-FRESNES,0.0,2H-3H,7856.554347826086,0.0
749,749,SAINT-MICHEL,0.16,0H-1H,18866.54891304348,3018.6478260869567
750,750,SAINT-MICHEL,4.3,13H-14H,18866.54891304348,81126.16032608696
751,751,SAINT-MICHEL,5.95,15H-16H,18866.54891304348,112255.96603260869
752,752,SAINT-MICHEL,0.97,23H-0H,18866.54891304348,18300.552445652174
753,753,SAINT-MICHEL,3.27,7H-8H,18866.54891304348,61693.614945652174
754,754,MASSY-PALAISEAU,3.21,12H-13H,22462.82608695652,72105.67173913043
755,755,MASSY-PALAISEAU,0.25,22H-23H,22462.82608695652,5615.70652173913
756,756,MASSY-PALAISEAU,5.68,5H-6H,22462.82608695652,127588.85217391302
757,757,MASSY-PALAISEAU,6.45,8H-9H,22462.82608695652,144885.22826086954
758,758,MASSY-PALAISEAU,2.99,9H-10H,22462.82608695652,67163.85
759,759,MASSY-VERRIERES,2.87,12H-13H,1234.0489130434785,3541.720380434783
760,760,MASSY-VERRIERES,4.01,18H-19H,1234.0489130434785,4948.5361413043465
761,761,MASSY-VERRIERES,32.03,8H-9H,1234.0489130434785,39526.58668478261
762,762,MASSY-VERRIERES,6.99,9H-10H,1234.0489130434785,8626.001902173914
763,763,BOURG-LA-REINE,0.25,0H-1H,10464.875,2616.21875
764,764,BOURG-LA-REINE,1.15,22H-23H,10464.875,12034.60625
765,765,BOURG-LA-REINE,0.74,23H-0H,10464.875,7744.0075
766,766,BURES-SUR-YVETTE,0.01,0H-1H,1350.4565217391305,13.504565217391304
767,767,BURES-SUR-YVETTE,3.78,11H-12H,1350.4565217391305,5104.725652173913
768,768,BURES-SUR-YVETTE,9.72,16H-17H,1350.4565217391305,13126.437391304351
769,769,BURES-SUR-YVETTE,4.22,19H-20H,1350.4565217391305,5698.926521739129
770,770,BURES-SUR-YVETTE,1.82,20H-21H,1350.4565217391305,2457.8308695652177
771,771,BURES-SUR-YVETTE,0.92,21H-22H,1350.4565217391305,1242.42
772,772,GARE DU NORD,4.98,16H-17H,76449.32608695653,380717.6439130436
773,773,GARE DU NORD,7.12,17H-18H,76449.32608695653,544319.2017391304
774,774,GARE DU NORD,4.05,20H-21H,76449.32608695653,309619.7706521739
775,775,GARE DU NORD,0.01,3H-4H,76449.32608695653,764.4932608695652
776,776,GARE DU NORD,2.95,6H-7H,76449.32608695653,225525.51195652175
777,777,GARE DU NORD,0.14,0H-1H,76449.32608695653,10702.905652173917
778,778,GARE DU NORD,0.39,23H-0H,76449.32608695653,29815.237173913047
779,779,GARE DU NORD,5.66,7H-8H,76449.32608695653,432703.1856521739
780,780,LUXEMBOURG,0.79,0H-1H,12565.005434782608,9926.35429347826
781,781,LUXEMBOURG,4.74,13H-14H,12565.005434782608,59558.12576086957
782,782,LUXEMBOURG,4.58,14H-15H,12565.005434782608,57547.72489130434
783,783,LUXEMBOURG,15.16,17H-18H,12565.005434782608,190485.48239130434
784,784,LUXEMBOURG,6.12,20H-21H,12565.005434782608,76897.83326086956
785,785,LUXEMBOURG,0.0,3H-4H,12565.005434782608,0.0
786,786,LUXEMBOURG,0.0,4H-5H,12565.005434782608,0.0
787,787,LUXEMBOURG,0.15,5H-6H,12565.005434782608,1884.7508152173914
788,788,LUXEMBOURG,2.03,7H-8H,12565.005434782608,25506.96103260869
789,789,MASSY-PALAISEAU,1.43,21H-22H,22462.82608695652,32121.841304347818
790,790,MASSY-PALAISEAU,1.18,5H-6H,22462.82608695652,26506.134782608693
791,791,MASSY-PALAISEAU,15.14,8H-9H,22462.82608695652,340087.1869565217
792,792,MASSY-VERRIERES,3.71,12H-13H,1234.0489130434785,4578.3214673913035
793,793,MASSY-VERRIERES,3.08,13H-14H,1234.0489130434785,3800.870652173913
794,794,MASSY-VERRIERES,3.47,16H-17H,1234.0489130434785,4282.149728260871
795,795,MASSY-VERRIERES,2.24,19H-20H,1234.0489130434785,2764.269565217392
796,796,MASSY-VERRIERES,1.15,20H-21H,1234.0489130434785,1419.1562499999998
797,797,MASSY-VERRIERES,0.27,23H-0H,1234.0489130434785,333.19320652173917
798,798,MASSY-VERRIERES,0.52,4H-5H,1234.0489130434785,641.7054347826087
799,799,MASSY-VERRIERES,24.49,8H-9H,1234.0489130434785,30221.85788043478
800,800,MITRY-CLAYE,9.12,16H-17H,2424.3478260869565,22110.05217391304
801,801,MITRY-CLAYE,0.01,1H-2H,2424.3478260869565,24.24347826086957
802,802,MITRY-CLAYE,1.65,20H-21H,2424.3478260869565,4000.1739130434776
803,803,MITRY-CLAYE,0.47,22H-23H,2424.3478260869565,1139.4434782608694
804,804,MITRY-CLAYE,4.13,9H-10H,2424.3478260869565,10012.55652173913
805,805,ORSAY-VILLE,0.02,0H-1H,3428.8695652173915,68.57739130434783
806,806,ORSAY-VILLE,2.96,10H-11H,3428.8695652173915,10149.45391304348
807,807,ORSAY-VILLE,3.03,11H-12H,3428.8695652173915,10389.474782608697
808,808,ORSAY-VILLE,0.01,1H-2H,3428.8695652173915,34.288695652173914
809,809,ORSAY-VILLE,0.85,5H-6H,3428.8695652173915,2914.5391304347827
810,810,PALAISEAU,3.72,18H-19H,1579.603260869565,5876.124130434782
811,811,PALAISEAU,0.89,21H-22H,1579.603260869565,1405.8469021739133
812,812,PALAISEAU,0.97,22H-23H,1579.603260869565,1532.2151630434785
813,813,PALAISEAU,0.37,23H-0H,1579.603260869565,584.4532065217393
814,814,PALAISEAU,0.13,4H-5H,1579.603260869565,205.34842391304352
815,815,PALAISEAU,6.32,6H-7H,1579.603260869565,9983.092608695652
816,816,PALAISEAU,19.22,8H-9H,1579.603260869565,30359.974673913042
817,817,PALAISEAU-VILLEBON,2.94,11H-12H,1441.521739130435,4238.073913043478
818,818,PALAISEAU-VILLEBON,4.08,12H-13H,1441.521739130435,5881.408695652174
819,819,PALAISEAU-VILLEBON,3.46,13H-14H,1441.521739130435,4987.6652173913035
820,820,PALAISEAU-VILLEBON,9.99,17H-18H,1441.521739130435,14400.802173913044
821,821,PALAISEAU-VILLEBON,0.64,21H-22H,1441.521739130435,922.5739130434782
822,822,PARC DES EXPOSITIONS,19.67,17H-18H,3891.5494505494507,76546.77769230769
823,823,PARC DES EXPOSITIONS,2.69,7H-8H,3891.5494505494507,10468.268021978023
824,824,PARC DES EXPOSITIONS,2.57,8H-9H,3891.5494505494507,10001.282087912088
825,825,PARC-DE-SCEAUX,3.05,10H-11H,1289.2391304347825,3932.179347826087
826,826,PARC-DE-SCEAUX,2.77,11H-12H,1289.2391304347825,3571.1923913043474
827,827,PARC-DE-SCEAUX,3.67,12H-13H,1289.2391304347825,4731.5076086956515
828,828,PARC-DE-SCEAUX,2.69,14H-15H,1289.2391304347825,3468.053260869565
829,829,PARC-DE-SCEAUX,3.63,15H-16H,1289.2391304347825,4679.9380434782615
830,830,PARC-DE-SCEAUX,11.41,17H-18H,1289.2391304347825,14710.21847826087
831,831,PARC-DE-SCEAUX,11.69,18H-19H,1289.2391304347825,15071.205434782607
832,832,PARC-DE-SCEAUX,0.0,2H-3H,1289.2391304347825,0.0
833,833,PARC-DE-SCEAUX,0.0,3H-4H,1289.2391304347825,0.0
834,834,PARC-DE-SCEAUX,0.12,4H-5H,1289.2391304347825,154.7086956521739
835,835,PARC-DE-SCEAUX,12.35,7H-8H,1289.2391304347825,15922.103260869562
836,836,PORT ROYAL,0.01,1H-2H,7467.16847826087,74.6716847826087
837,837,PORT ROYAL,2.26,22H-23H,7467.16847826087,16875.800760869566
838,838,PORT ROYAL,1.42,23H-0H,7467.16847826087,10603.379239130434
839,839,PORT ROYAL,0.0,2H-3H,7467.16847826087,0.0
840,840,ROBINSON,2.97,10H-11H,4981.239130434783,14794.280217391306
841,841,ROBINSON,7.01,18H-19H,4981.239130434783,34918.486304347825
842,842,ROBINSON,0.18,4H-5H,4981.239130434783,896.6230434782608
843,843,AEROPORT CHARLES DE GAULLE 1,11.34,17H-18H,4751.359550561798,53880.41730337079
844,844,AEROPORT CHARLES DE GAULLE 1,8.79,18H-19H,4751.359550561798,41764.4504494382
845,845,AEROPORT CHARLES DE GAULLE 1,0.55,3H-4H,4751.359550561798,2613.247752808989
846,846,AEROPORT CHARLES DE GAULLE 2-TGV,7.58,14H-15H,6158.989071038252,46685.137158469945
847,847,AEROPORT CHARLES DE GAULLE 2-TGV,3.93,21H-22H,6158.989071038252,24204.82704918033
848,848,AEROPORT CHARLES DE GAULLE 2-TGV,1.61,23H-0H,6158.989071038252,9915.972404371585
849,849,AEROPORT CHARLES DE GAULLE 2-TGV,0.25,2H-3H,6158.989071038252,1539.7472677595626
850,850,BLANC-MESNIL,3.26,11H-12H,3551.989010989011,11579.484175824175
851,851,BLANC-MESNIL,3.59,12H-13H,3551.989010989011,12751.640549450547
852,852,BLANC-MESNIL,3.28,13H-14H,3551.989010989011,11650.523956043955
853,853,BLANC-MESNIL,0.0,1H-2H,3551.989010989011,0.0
854,854,BLANC-MESNIL,1.6,4H-5H,3551.989010989011,5683.1824175824195
855,855,BLANC-MESNIL,5.11,5H-6H,3551.989010989011,18150.66384615385
856,856,BLANC-MESNIL,11.9,8H-9H,3551.989010989011,42268.669230769236
857,857,BLANC-MESNIL,5.5,9H-10H,3551.989010989011,19535.93956043956
858,858,SCEAUX,3.51,14H-15H,1589.1902173913047,5578.057663043478
859,859,SCEAUX,4.6,15H-16H,1589.1902173913047,7310.274999999999
860,860,SCEAUX,1.02,21H-22H,1589.1902173913047,1620.9740217391306
861,861,SCEAUX,0.0,2H-3H,1589.1902173913047,0.0
862,862,SCEAUX,21.19,8H-9H,1589.1902173913047,33674.94070652174
863,863,SEVRAN-BEAUDOTTES,0.04,0H-1H,8467.601123595505,338.7040449438202
864,864,SEVRAN-BEAUDOTTES,4.08,11H-12H,8467.601123595505,34547.81258426966
865,865,SEVRAN-BEAUDOTTES,3.05,19H-20H,8467.601123595505,25826.18342696629
866,866,SEVRAN-BEAUDOTTES,0.34,23H-0H,8467.601123595505,2878.984382022472
867,867,SEVRAN-BEAUDOTTES,12.4,8H-9H,8467.601123595505,104998.25393258428
868,868,SEVRAN-LIVRY,0.14,0H-1H,4117.109289617486,576.3953005464481
869,869,SEVRAN-LIVRY,4.2,15H-16H,4117.109289617486,17291.859016393442
870,870,SEVRAN-LIVRY,3.55,17H-18H,4117.109289617486,14615.737978142075
871,871,SAINT-MICHEL,1.57,0H-1H,18866.54891304348,29620.481793478262
872,872,SAINT-MICHEL,13.56,17H-18H,18866.54891304348,255830.4032608696
873,873,SAINT-MICHEL,0.49,6H-7H,18866.54891304348,9244.608967391303
874,874,SAINT-MICHEL,1.59,7H-8H,18866.54891304348,29997.812771739136
875,875,SAINT-REMY-LES-CHEVREUSE,3.06,10H-11H,1296.5819209039548,3967.5406779661016
876,876,SAINT-REMY-LES-CHEVREUSE,0.38,21H-22H,1296.5819209039548,492.7011299435029
877,877,SAINT-REMY-LES-CHEVREUSE,1.1,5H-6H,1296.5819209039548,1426.2401129943505
878,878,SAINT-REMY-LES-CHEVREUSE,7.65,6H-7H,1296.5819209039548,9918.851694915254
879,879,VERT-GALANT,4.19,10H-11H,5518.695652173914,23123.334782608697
880,880,VERT-GALANT,4.8,15H-16H,5518.695652173914,26489.73913043478
881,881,VERT-GALANT,1.03,20H-21H,5518.695652173914,5684.256521739129
882,882,VERT-GALANT,0.05,2H-3H,5518.695652173914,275.9347826086957
883,883,VERT-GALANT,12.38,5H-6H,5518.695652173914,68321.45217391304
884,884,VERT-GALANT,10.53,8H-9H,5518.695652173914,58111.8652173913
885,885,VILLEPARISIS-MITRY-LE-NEUF,3.18,12H-13H,2825.5792349726776,8985.341967213115
886,886,VILLEPARISIS-MITRY-LE-NEUF,3.35,16H-17H,2825.5792349726776,9465.69043715847
887,887,VILLEPARISIS-MITRY-LE-NEUF,0.0,1H-2H,2825.5792349726776,0.0
888,888,VILLEPARISIS-MITRY-LE-NEUF,0.95,20H-21H,2825.5792349726776,2684.3002732240434
889,889,VILLEPARISIS-MITRY-LE-NEUF,0.24,22H-23H,2825.5792349726776,678.1390163934426
890,890,VILLEPINTE,2.39,18H-19H,2540.7845303867402,6072.475027624309
891,891,VILLEPINTE,0.35,22H-23H,2540.7845303867402,889.274585635359
892,892,VILLEPINTE,0.16,23H-0H,2540.7845303867402,406.5255248618785
893,893,VILLEPINTE,0.9,2H-3H,2540.7845303867402,2286.706077348066
894,894,VILLEPINTE,2.5,3H-4H,2540.7845303867402,6351.96132596685
895,895,CITE UNIVERSITAIRE,11.17,17H-18H,16885.853260869564,188614.98092391304
896,896,CITE UNIVERSITAIRE,10.68,18H-19H,16885.853260869564,180340.91282608692
897,897,CITE UNIVERSITAIRE,4.64,20H-21H,16885.853260869564,78350.35913043478
898,898,CITE UNIVERSITAIRE,0.03,2H-3H,16885.853260869564,506.5755978260869
899,899,CITE UNIVERSITAIRE,10.77,8H-9H,16885.853260869564,181860.6396195652
900,900,CITE UNIVERSITAIRE,7.35,9H-10H,16885.853260869564,124111.02146739127
901,901,ANTONY,4.42,12H-13H,11292.179347826086,49911.4327173913
902,902,ANTONY,1.17,21H-22H,11292.179347826086,13211.84983695652
903,903,ANTONY,0.98,22H-23H,11292.179347826086,11066.335760869562
904,904,COURCELLE-SUR-YVETTE,0.01,0H-1H,567.2142857142858,5.672142857142857
905,905,COURCELLE-SUR-YVETTE,6.23,13H-14H,567.2142857142858,3533.745
906,906,COURCELLE-SUR-YVETTE,11.86,16H-17H,567.2142857142858,6727.161428571429
907,907,COURCELLE-SUR-YVETTE,13.02,17H-18H,567.2142857142858,7385.129999999999
908,908,COURCELLE-SUR-YVETTE,1.88,19H-20H,567.2142857142858,1066.3628571428571
909,909,COURCELLE-SUR-YVETTE,0.01,1H-2H,567.2142857142858,5.672142857142857
910,910,COURCELLE-SUR-YVETTE,3.6,6H-7H,567.2142857142858,2041.9714285714285
911,911,COURCELLE-SUR-YVETTE,4.11,9H-10H,567.2142857142858,2331.2507142857144
912,912,ARCUEIL-CACHAN,0.17,0H-1H,8561.91847826087,1455.5261413043481
913,913,ARCUEIL-CACHAN,3.28,14H-15H,8561.91847826087,28083.092608695653
914,914,ARCUEIL-CACHAN,4.23,15H-16H,8561.91847826087,36216.915163043486
915,915,ARCUEIL-CACHAN,10.53,17H-18H,8561.91847826087,90157.00157608696
916,916,DENFERT-ROCHEREAU,1.12,0H-1H,17593.385869565216,19704.592173913043
917,917,DENFERT-ROCHEREAU,4.04,12H-13H,17593.385869565216,71077.27891304348
918,918,DENFERT-ROCHEREAU,4.25,14H-15H,17593.385869565216,74771.88994565216
919,919,DENFERT-ROCHEREAU,0.0,3H-4H,17593.385869565216,0.0
920,920,DRANCY,0.09,0H-1H,7047.91304347826,634.3121739130435
921,921,DRANCY,3.67,12H-13H,7047.91304347826,25865.840869565214
922,922,DRANCY,5.34,16H-17H,7047.91304347826,37635.85565217392
923,923,DRANCY,1.33,20H-21H,7047.91304347826,9373.724347826088
924,924,DRANCY,11.75,8H-9H,7047.91304347826,82812.97826086957
925,925,FONTAINE-MICHALON,2.97,11H-12H,1617.5489130434785,4804.120271739131
926,926,FONTAINE-MICHALON,1.1,20H-21H,1617.5489130434785,1779.303804347826
927,927,FONTAINE-MICHALON,0.51,23H-0H,1617.5489130434785,824.9499456521739
928,928,FONTAINE-MICHALON,0.31,4H-5H,1617.5489130434785,501.4401630434783
929,929,FONTAINE-MICHALON,20.85,7H-8H,1617.5489130434785,33725.894836956526
930,930,FONTENAY-AUX-ROSES,3.92,12H-13H,2661.1521739130435,10431.71652173913
931,931,FONTENAY-AUX-ROSES,3.67,13H-14H,2661.1521739130435,9766.42847826087
932,932,FONTENAY-AUX-ROSES,21.6,8H-9H,2661.1521739130435,57480.88695652175
933,933,GENTILLY,2.8,11H-12H,5464.619565217391,15300.934782608694
934,934,GENTILLY,0.04,1H-2H,5464.619565217391,218.58478260869563
935,935,GENTILLY,1.36,21H-22H,5464.619565217391,7431.8826086956515
936,936,GENTILLY,0.84,22H-23H,5464.619565217391,4590.2804347826095
937,937,GENTILLY,1.05,5H-6H,5464.619565217391,5737.85054347826
938,938,GIF-SUR-YVETTE,6.59,18H-19H,1359.266304347826,8957.564945652173
939,939,GIF-SUR-YVETTE,0.26,23H-0H,1359.266304347826,353.4092391304348
940,940,GIF-SUR-YVETTE,0.37,4H-5H,1359.266304347826,502.9285326086956
941,941,GIF-SUR-YVETTE,5.84,6H-7H,1359.266304347826,7938.115217391302
942,942,LA COURNEUVE-AUBERVILLIERS,3.49,11H-12H,11722.66847826087,40912.11298913044
943,943,LA COURNEUVE-AUBERVILLIERS,3.99,12H-13H,11722.66847826087,46773.44722826088
944,944,LA COURNEUVE-AUBERVILLIERS,3.89,14H-15H,11722.66847826087,45601.18038043479
945,945,LA COURNEUVE-AUBERVILLIERS,0.0,1H-2H,11722.66847826087,0.0
946,946,LA COURNEUVE-AUBERVILLIERS,2.47,20H-21H,11722.66847826087,28954.991141304352
947,947,LA COURNEUVE-AUBERVILLIERS,1.03,22H-23H,11722.66847826087,12074.348532608696
948,948,LA COURNEUVE-AUBERVILLIERS,4.84,5H-6H,11722.66847826087,56737.715434782614
949,949,LA COURNEUVE-AUBERVILLIERS,10.79,8H-9H,11722.66847826087,126487.59288043476
950,950,LA COURNEUVE-AUBERVILLIERS,6.54,9H-10H,11722.66847826087,76666.25184782609
951,951,AULNAY-SOUS-BOIS,3.57,11H-12H,15838.554347826086,56543.63902173912
952,952,AULNAY-SOUS-BOIS,4.08,14H-15H,15838.554347826086,64621.30173913043
953,953,AULNAY-SOUS-BOIS,1.72,20H-21H,15838.554347826086,27242.31347826087
954,954,AULNAY-SOUS-BOIS,0.75,3H-4H,15838.554347826086,11878.915760869562
955,955,AULNAY-SOUS-BOIS,11.58,8H-9H,15838.554347826086,183410.45934782608
956,956,LA CROIX-DE-BERNY-FRESNES,3.41,11H-12H,7856.554347826086,26790.85032608696
957,957,LA CROIX-DE-BERNY-FRESNES,5.22,19H-20H,7856.554347826086,41011.213695652164
958,958,LA CROIX-DE-BERNY-FRESNES,11.01,7H-8H,7856.554347826086,86500.66336956521
959,959,LA CROIX-DE-BERNY-FRESNES,14.21,8H-9H,7856.554347826086,111641.63728260869
960,960,LA HACQUINIERE,2.31,14H-15H,572.6358695652174,1322.7888586956524
961,961,LA HACQUINIERE,0.36,22H-23H,572.6358695652174,206.14891304347825
962,962,LAPLACE,2.84,11H-12H,8434.119565217392,23952.89956521739
963,963,LAPLACE,3.57,12H-13H,8434.119565217392,30109.80684782609
964,964,LAPLACE,6.49,19H-20H,8434.119565217392,54737.435978260866
965,965,LAPLACE,0.0,3H-4H,8434.119565217392,0.0
966,966,LAPLACE,8.02,7H-8H,8434.119565217392,67641.63891304348
967,967,LA PLAINE-STADE DE FRANCE,3.98,13H-14H,14532.70652173913,57840.171956521735
968,968,LA PLAINE-STADE DE FRANCE,12.74,17H-18H,14532.70652173913,185146.6810869565
969,969,LA PLAINE-STADE DE FRANCE,9.76,18H-19H,14532.70652173913,141839.2156521739
970,970,LA PLAINE-STADE DE FRANCE,2.15,20H-21H,14532.70652173913,31245.319021739127
971,971,LA PLAINE-STADE DE FRANCE,3.41,9H-10H,14532.70652173913,49556.52923913043
972,972,LE BOURGET,3.46,11H-12H,10666.902173913044,36907.48152173913
973,973,LE BOURGET,6.29,15H-16H,10666.902173913044,67094.81467391305
974,974,LE BOURGET,6.54,16H-17H,10666.902173913044,69761.5402173913
975,975,LE BOURGET,6.46,17H-18H,10666.902173913044,68908.18804347827
976,976,LE BOURGET,4.65,18H-19H,10666.902173913044,49601.095108695656
977,977,LE BOURGET,3.0,19H-20H,10666.902173913044,32000.706521739125
978,978,LE BOURGET,1.26,21H-22H,10666.902173913044,13440.296739130437
979,979,LE BOURGET,0.04,2H-3H,10666.902173913044,426.67608695652183
980,980,LE BOURGET,8.03,8H-9H,10666.902173913044,85655.22445652174
981,981,LE GUICHET,0.02,0H-1H,1695.7065217391305,33.91413043478261
982,982,LE GUICHET,1.93,10H-11H,1695.7065217391305,3272.7135869565222
983,983,LE GUICHET,3.72,12H-13H,1695.7065217391305,6308.028260869565
984,984,LE GUICHET,0.0,1H-2H,1695.7065217391305,0.0
985,985,LES BACONNETS,3.92,12H-13H,4432.175824175824,17374.12923076923
986,986,LES BACONNETS,3.32,14H-15H,4432.175824175824,14714.823736263736
987,987,LES BACONNETS,0.03,1H-2H,4432.175824175824,132.96527472527472
988,988,LES BACONNETS,1.91,20H-21H,4432.175824175824,8465.455824175824
989,989,LES BACONNETS,0.56,23H-0H,4432.175824175824,2482.018461538462
990,990,LES BACONNETS,8.03,9H-10H,4432.175824175824,35590.371868131864
991,991,BAGNEUX,0.18,0H-1H,5624.396739130435,1012.3914130434782
992,992,BAGNEUX,7.71,18H-19H,5624.396739130435,43364.09885869565
993,993,BAGNEUX,4.47,19H-20H,5624.396739130435,25141.053423913043
994,994,BAGNEUX,0.0,2H-3H,5624.396739130435,0.0
995,995,BAGNEUX,0.0,3H-4H,5624.396739130435,0.0
996,996,LOZERE,3.31,15H-16H,1151.9673913043478,3813.012065217391
997,997,DENFERT-ROCHEREAU,9.39,18H-19H,17593.385869565216,165201.8933152174
998,998,DENFERT-ROCHEREAU,0.25,1H-2H,17593.385869565216,4398.346467391304
999,999,DENFERT-ROCHEREAU,3.03,22H-23H,17593.385869565216,53307.959184782594
1000,1000,DENFERT-ROCHEREAU,0.28,5H-6H,17593.385869565216,4926.148043478261
1001,1001,DENFERT-ROCHEREAU,4.13,7H-8H,17593.385869565216,72660.68364130432
1002,1002,CHATELET-LES HALLES,5.11,13H-14H,54721.494565217385,279626.8372282609
1003,1003,CHATELET-LES HALLES,5.99,15H-16H,54721.494565217385,327781.7524456522
1004,1004,CHATELET-LES HALLES,7.93,16H-17H,54721.494565217385,433941.4519021739
1005,1005,CHATELET-LES HALLES,11.69,19H-20H,54721.494565217385,639694.2714673913
1006,1006,CHATELET-LES HALLES,3.22,23H-0H,54721.494565217385,176203.21250000005
1007,1007,CHATELET-LES HALLES,0.58,6H-7H,54721.494565217385,31738.46684782609
1008,1008,CHATOU-CROISSY,3.38,13H-14H,5186.755434782609,17531.233369565216
1009,1009,CHATOU-CROISSY,2.77,14H-15H,5186.755434782609,14367.312554347827
1010,1010,CHATOU-CROISSY,3.29,15H-16H,5186.755434782609,17064.425380434786
1011,1011,CHATOU-CROISSY,0.0,3H-4H,5186.755434782609,0.0
1012,1012,CHATOU-CROISSY,15.14,7H-8H,5186.755434782609,78527.4772826087
1013,1013,CHATELET-LES HALLES,1.92,10H-11H,54721.494565217385,105065.2695652174
1014,1014,CHATELET-LES HALLES,2.41,11H-12H,54721.494565217385,131878.80190217393
1015,1015,CHATELET-LES HALLES,3.63,12H-13H,54721.494565217385,198639.02527173914
1016,1016,CHATELET-LES HALLES,0.05,1H-2H,54721.494565217385,2736.07472826087
1017,1017,CHATELET-LES HALLES,4.84,21H-22H,54721.494565217385,264852.0336956521
1018,1018,CHATELET-LES HALLES,0.3,5H-6H,54721.494565217385,16416.448369565216
1019,1019,CHATOU-CROISSY,6.38,17H-18H,5186.755434782609,33091.499673913044
1020,1020,CHATOU-CROISSY,3.79,19H-20H,5186.755434782609,19657.80309782609
1021,1021,CHATOU-CROISSY,0.69,22H-23H,5186.755434782609,3578.86125
1022,1022,CHATOU-CROISSY,28.18,8H-9H,5186.755434782609,146162.76815217393
1023,1023,BOURG-LA-REINE,3.48,11H-12H,10464.875,36417.765
1024,1024,BOURG-LA-REINE,3.91,13H-14H,10464.875,40917.66125000001
1025,1025,BOURG-LA-REINE,5.3,16H-17H,10464.875,55463.8375
1026,1026,BOURG-LA-REINE,1.47,21H-22H,10464.875,15383.36625
1027,1027,BOURG-LA-REINE,0.0,3H-4H,10464.875,0.0
1028,1028,BOURG-LA-REINE,20.26,8H-9H,10464.875,212018.3675
1029,1029,BURES-SUR-YVETTE,16.34,17H-18H,1350.4565217391305,22066.459565217392
1030,1030,GARE DU NORD,3.4,10H-11H,76449.32608695653,259927.7086956522
1031,1031,GARE DU NORD,4.18,12H-13H,76449.32608695653,319558.1830434783
1032,1032,GARE DU NORD,4.89,13H-14H,76449.32608695653,373837.20456521737
1033,1033,LOZERE,3.69,12H-13H,1151.9673913043478,4250.759673913043
1034,1034,LOZERE,0.27,4H-5H,1151.9673913043478,311.0311956521739
1035,1035,LOZERE,5.74,9H-10H,1151.9673913043478,6612.292826086957
1036,1036,LUXEMBOURG,3.29,11H-12H,12565.005434782608,41338.86788043478
1037,1037,LUXEMBOURG,10.51,16H-17H,12565.005434782608,132058.2071195652
1038,1038,LUXEMBOURG,1.89,23H-0H,12565.005434782608,23747.86027173913
1039,1039,LUXEMBOURG,3.2,9H-10H,12565.005434782608,40208.01739130435
1040,1040,MASSY-PALAISEAU,3.57,12H-13H,22462.82608695652,80192.28913043477
1041,1041,MASSY-PALAISEAU,6.43,16H-17H,22462.82608695652,144435.9717391304
1042,1042,MASSY-PALAISEAU,0.02,1H-2H,22462.82608695652,449.2565217391304
1043,1043,MASSY-PALAISEAU,1.03,22H-23H,22462.82608695652,23136.710869565213
1044,1044,MASSY-PALAISEAU,0.59,23H-0H,22462.82608695652,13253.067391304348
1045,1045,MASSY-VERRIERES,0.05,0H-1H,1234.0489130434785,61.70244565217392
1046,1046,MASSY-VERRIERES,0.67,22H-23H,1234.0489130434785,826.8127717391304
1047,1047,MASSY-VERRIERES,7.58,6H-7H,1234.0489130434785,9354.090760869563
1048,1048,MITRY-CLAYE,3.08,10H-11H,2424.3478260869565,7466.991304347826
1049,1049,MITRY-CLAYE,4.38,13H-14H,2424.3478260869565,10618.643478260869
1050,1050,MITRY-CLAYE,3.5,14H-15H,2424.3478260869565,8485.217391304348
1051,1051,MITRY-CLAYE,12.3,17H-18H,2424.3478260869565,29819.47826086957
1052,1052,MITRY-CLAYE,6.51,18H-19H,2424.3478260869565,15782.504347826089
1053,1053,MITRY-CLAYE,6.78,6H-7H,2424.3478260869565,16437.078260869566
1054,1054,MITRY-CLAYE,17.84,7H-8H,2424.3478260869565,43250.365217391314
1055,1055,ORSAY-VILLE,3.62,14H-15H,3428.8695652173915,12412.507826086958
1056,1056,ORSAY-VILLE,5.9,15H-16H,3428.8695652173915,20230.33043478261
1057,1057,ORSAY-VILLE,9.04,16H-17H,3428.8695652173915,30996.980869565214
1058,1058,ORSAY-VILLE,14.93,17H-18H,3428.8695652173915,51193.02260869565
1059,1059,ORSAY-VILLE,1.02,22H-23H,3428.8695652173915,3497.44695652174
1060,1060,ORSAY-VILLE,0.47,23H-0H,3428.8695652173915,1611.5686956521738
1061,1061,ORSAY-VILLE,3.72,6H-7H,3428.8695652173915,12755.394782608697
1062,1062,ORSAY-VILLE,11.24,7H-8H,3428.8695652173915,38540.49391304348
1063,1063,ORSAY-VILLE,10.12,8H-9H,3428.8695652173915,34700.16
1064,1064,PALAISEAU,0.07,0H-1H,1579.603260869565,110.57222826086958
1065,1065,PALAISEAU,4.61,15H-16H,1579.603260869565,7281.971032608696
1066,1066,PALAISEAU,17.77,7H-8H,1579.603260869565,28069.54994565217
1067,1067,PALAISEAU-VILLEBON,0.04,0H-1H,1441.521739130435,57.66086956521739
1068,1068,PALAISEAU-VILLEBON,3.31,18H-19H,1441.521739130435,4771.4369565217385
1069,1069,PALAISEAU-VILLEBON,1.89,19H-20H,1441.521739130435,2724.4760869565216
1070,1070,PALAISEAU-VILLEBON,0.36,23H-0H,1441.521739130435,518.9478260869565
1071,1071,PALAISEAU-VILLEBON,1.56,5H-6H,1441.521739130435,2248.7739130434784
1072,1072,PARC DES EXPOSITIONS,7.73,15H-16H,3891.5494505494507,30081.677252747257
1073,1073,PARC DES EXPOSITIONS,3.27,20H-21H,3891.5494505494507,12725.366703296704
1074,1074,PARC DES EXPOSITIONS,1.23,21H-22H,3891.5494505494507,4786.605824175826
1075,1075,PARC-DE-SCEAUX,0.12,0H-1H,1289.2391304347825,154.7086956521739
1076,1076,PARC-DE-SCEAUX,6.07,19H-20H,1289.2391304347825,7825.6815217391295
1077,1077,PARC-DE-SCEAUX,2.08,20H-21H,1289.2391304347825,2681.617391304348
1078,1078,PARC-DE-SCEAUX,7.24,9H-10H,1289.2391304347825,9334.091304347823
1079,1079,PORT ROYAL,0.56,0H-1H,7467.16847826087,4181.614347826087
1080,1080,PORT ROYAL,7.13,15H-16H,7467.16847826087,53240.91125000001
1081,1081,PORT ROYAL,2.96,21H-22H,7467.16847826087,22102.81869565217
1082,1082,PORT ROYAL,0.33,5H-6H,7467.16847826087,2464.165597826088
1083,1083,PORT ROYAL,0.71,6H-7H,7467.16847826087,5301.689619565217
1084,1084,PORT ROYAL,4.38,9H-10H,7467.16847826087,32706.197934782613
1085,1085,ROBINSON,0.1,0H-1H,4981.239130434783,498.1239130434783
1086,1086,ROBINSON,4.6,12H-13H,4981.239130434783,22913.7
1087,1087,ROBINSON,9.58,17H-18H,4981.239130434783,47720.27086956522
1088,1088,ROBINSON,0.02,1H-2H,4981.239130434783,99.62478260869568
1089,1089,ROBINSON,2.66,20H-21H,4981.239130434783,13250.096086956524
1090,1090,ROBINSON,0.0,3H-4H,4981.239130434783,0.0
1091,1091,ROBINSON,3.94,6H-7H,4981.239130434783,19626.082173913044
1092,1092,ROBINSON,17.97,8H-9H,4981.239130434783,89512.86717391305
1093,1093,AEROPORT CHARLES DE GAULLE 1,5.25,12H-13H,4751.359550561798,24944.637640449437
1094,1094,AEROPORT CHARLES DE GAULLE 1,11.19,15H-16H,4751.359550561798,53167.713370786514
1095,1095,AEROPORT CHARLES DE GAULLE 1,5.19,19H-20H,4751.359550561798,24659.55606741573
1096,1096,AEROPORT CHARLES DE GAULLE 1,1.51,22H-23H,4751.359550561798,7174.552921348315
1097,1097,AEROPORT CHARLES DE GAULLE 1,3.28,7H-8H,4751.359550561798,15584.459325842696
1098,1098,AEROPORT CHARLES DE GAULLE 2-TGV,6.6,12H-13H,6158.989071038252,40649.32786885246
1099,1099,AEROPORT CHARLES DE GAULLE 2-TGV,2.03,5H-6H,6158.989071038252,12502.747814207649
1100,1100,BLANC-MESNIL,3.61,14H-15H,3551.989010989011,12822.68032967033
1101,1101,BLANC-MESNIL,6.02,16H-17H,3551.989010989011,21382.973846153847
1102,1102,BLANC-MESNIL,0.42,23H-0H,3551.989010989011,1491.8353846153846
1103,1103,BLANC-MESNIL,0.0,2H-3H,3551.989010989011,0.0
1104,1104,BLANC-MESNIL,14.8,7H-8H,3551.989010989011,52569.43736263737
1105,1105,SCEAUX,5.01,12H-13H,1589.1902173913047,7961.842989130435
1106,1106,SCEAUX,0.04,1H-2H,1589.1902173913047,63.56760869565217
1107,1107,SCEAUX,2.74,20H-21H,1589.1902173913047,4354.381195652174
1108,1108,SCEAUX,0.0,3H-4H,1589.1902173913047,0.0
1109,1109,SCEAUX,0.87,5H-6H,1589.1902173913047,1382.5954891304348
1110,1110,SEVRAN-BEAUDOTTES,4.61,12H-13H,8467.601123595505,39035.64117977528
1111,1111,SEVRAN-BEAUDOTTES,6.02,16H-17H,8467.601123595505,50974.95876404493
1112,1112,SEVRAN-BEAUDOTTES,4.57,18H-19H,8467.601123595505,38696.93713483147
1113,1113,SEVRAN-BEAUDOTTES,2.32,20H-21H,8467.601123595505,19644.83460674157
1114,1114,SEVRAN-BEAUDOTTES,0.0,2H-3H,8467.601123595505,0.0
1115,1115,SEVRAN-BEAUDOTTES,14.13,7H-8H,8467.601123595505,119647.20387640447
1116,1116,SEVRAN-LIVRY,3.74,16H-17H,4117.109289617486,15397.988743169399
1117,1117,SEVRAN-LIVRY,12.01,5H-6H,4117.109289617486,49446.482568306
1118,1118,SEVRAN-LIVRY,5.16,9H-10H,4117.109289617486,21244.283934426232
1119,1119,SAINT-MICHEL,5.45,13H-14H,18866.54891304348,102822.69157608696
1120,1120,SAINT-MICHEL,6.74,15H-16H,18866.54891304348,127160.53967391305
1121,1121,SAINT-MICHEL,9.82,19H-20H,18866.54891304348,185269.51032608695
1122,1122,SAINT-MICHEL,3.58,21H-22H,18866.54891304348,67542.24510869566
1123,1123,SAINT-MICHEL,0.01,4H-5H,18866.54891304348,188.6654891304348
1124,1124,SAINT-MICHEL,3.66,8H-9H,18866.54891304348,69051.56902173914
1125,1125,SAINT-REMY-LES-CHEVREUSE,2.42,11H-12H,1296.5819209039548,3137.7282485875708
1126,1126,SAINT-REMY-LES-CHEVREUSE,2.23,14H-15H,1296.5819209039548,2891.377683615819
1127,1127,SAINT-REMY-LES-CHEVREUSE,0.13,23H-0H,1296.5819209039548,168.55564971751414
1128,1128,SAINT-REMY-LES-CHEVREUSE,18.6,8H-9H,1296.5819209039548,24116.423728813563
1129,1129,VERT-GALANT,4.02,14H-15H,5518.695652173914,22185.156521739133
1130,1130,VERT-GALANT,4.28,17H-18H,5518.695652173914,23620.017391304347
1131,1131,VERT-GALANT,0.35,22H-23H,5518.695652173914,1931.543478260869
1132,1132,VERT-GALANT,5.0,9H-10H,5518.695652173914,27593.478260869564
1133,1133,VILLEPARISIS-MITRY-LE-NEUF,3.22,17H-18H,2825.5792349726776,9098.365136612025
1134,1134,VILLEPARISIS-MITRY-LE-NEUF,0.22,2H-3H,2825.5792349726776,621.627431693989
1135,1135,VILLEPARISIS-MITRY-LE-NEUF,9.87,8H-9H,2825.5792349726776,27888.467049180326
1136,1136,VILLEPINTE,3.21,13H-14H,2540.7845303867402,8155.918342541436
1137,1137,VILLEPINTE,10.55,8H-9H,2540.7845303867402,26805.276795580106
1138,1138,LA CROIX-DE-BERNY-FRESNES,1.65,5H-6H,7856.554347826086,12963.314673913042
1139,1139,LA CROIX-DE-BERNY-FRESNES,4.35,6H-7H,7856.554347826086,34176.011413043474
1140,1140,LA HACQUINIERE,3.0,11H-12H,572.6358695652174,1717.9076086956518
1141,1141,LA HACQUINIERE,3.48,17H-18H,572.6358695652174,1992.7728260869565
1142,1142,LA HACQUINIERE,0.55,21H-22H,572.6358695652174,314.9497282608696
1143,1143,LA HACQUINIERE,7.69,9H-10H,572.6358695652174,4403.5698369565225
1144,1144,LAPLACE,0.74,22H-23H,8434.119565217392,6241.248478260871
1145,1145,LAPLACE,2.36,6H-7H,8434.119565217392,19904.522173913043
1146,1146,LA PLAINE-STADE DE FRANCE,2.87,11H-12H,14532.70652173913,41708.8677173913
1147,1147,LA PLAINE-STADE DE FRANCE,0.65,22H-23H,14532.70652173913,9446.259239130435
1148,1148,LE BOURGET,0.23,0H-1H,10666.902173913044,2453.3875000000007
1149,1149,LE BOURGET,3.86,12H-13H,10666.902173913044,41174.242391304346
1150,1150,LE GUICHET,4.79,15H-16H,1695.7065217391305,8122.434239130434
1151,1151,LE GUICHET,0.32,23H-0H,1695.7065217391305,542.6260869565218
1152,1152,LE GUICHET,8.81,8H-9H,1695.7065217391305,14939.174456521741
1153,1153,LES BACONNETS,4.11,10H-11H,4432.175824175824,18216.24263736264
1154,1154,LES BACONNETS,3.78,18H-19H,4432.175824175824,16753.624615384615
1155,1155,LES BACONNETS,2.76,19H-20H,4432.175824175824,12232.805274725275
1156,1156,BAGNEUX,6.4,16H-17H,5624.396739130435,35996.139130434785
1157,1157,BAGNEUX,0.65,23H-0H,5624.396739130435,3655.8578804347826
1158,1158,BAGNEUX,3.87,6H-7H,5624.396739130435,21766.415380434784
1159,1159,LOZERE,0.07,0H-1H,1151.9673913043478,80.63771739130434
1160,1160,VILLEPARISIS-MITRY-LE-NEUF,1.23,3H-4H,2825.5792349726776,3475.462459016393
1161,1161,VILLEPARISIS-MITRY-LE-NEUF,6.79,4H-5H,2825.5792349726776,19185.68300546448
1162,1162,VILLEPINTE,3.73,16H-17H,2540.7845303867402,9477.12629834254
1163,1163,DENFERT-ROCHEREAU,3.62,10H-11H,17593.385869565216,63688.056847826076
1164,1164,DENFERT-ROCHEREAU,2.46,23H-0H,17593.385869565216,43279.72923913043
1165,1165,GARE DU NORD,0.56,0H-1H,76449.32608695653,42811.62260869567
1166,1166,GARE DU NORD,3.74,10H-11H,76449.32608695653,285920.47956521745
1167,1167,GARE DU NORD,0.11,1H-2H,76449.32608695653,8409.425869565219
1168,1168,GARE DU NORD,10.76,7H-8H,76449.32608695653,822594.7486956522
1169,1169,GARE DU NORD,8.78,9H-10H,76449.32608695653,671225.0830434783
1170,1170,CITE UNIVERSITAIRE,0.44,0H-1H,16885.853260869564,7429.775434782608
1171,1171,CITE UNIVERSITAIRE,3.23,11H-12H,16885.853260869564,54541.30603260869
1172,1172,CITE UNIVERSITAIRE,4.3,12H-13H,16885.853260869564,72609.16902173912
1173,1173,CITE UNIVERSITAIRE,4.21,13H-14H,16885.853260869564,71089.44222826086
1174,1174,CITE UNIVERSITAIRE,3.88,14H-15H,16885.853260869564,65517.11065217391
1175,1175,CITE UNIVERSITAIRE,7.33,19H-20H,16885.853260869564,123773.3044021739
1176,1176,CITE UNIVERSITAIRE,2.74,21H-22H,16885.853260869564,46267.237934782606
1177,1177,CITE UNIVERSITAIRE,0.87,5H-6H,16885.853260869564,14690.692336956521
1178,1178,ANTONY,6.46,16H-17H,11292.179347826086,72947.47858695651
1179,1179,ANTONY,9.31,17H-18H,11292.179347826086,105130.18972826088
1180,1180,ANTONY,6.76,18H-19H,11292.179347826086,76335.13239130435
1181,1181,ANTONY,4.51,19H-20H,11292.179347826086,50927.72885869566
1182,1182,ANTONY,0.97,5H-6H,11292.179347826086,10953.413967391303
1183,1183,ANTONY,4.19,6H-7H,11292.179347826086,47314.231467391306
1184,1184,ANTONY,13.99,7H-8H,11292.179347826086,157977.58907608697
1185,1185,COURCELLE-SUR-YVETTE,4.07,11H-12H,567.2142857142858,2308.562142857143
1186,1186,COURCELLE-SUR-YVETTE,0.19,23H-0H,567.2142857142858,107.77071428571428
1187,1187,COURCELLE-SUR-YVETTE,1.07,5H-6H,567.2142857142858,606.9192857142857
1188,1188,ARCUEIL-CACHAN,3.74,10H-11H,8561.91847826087,32021.575108695655
1189,1189,ARCUEIL-CACHAN,3.63,13H-14H,8561.91847826087,31079.764076086958
1190,1190,ARCUEIL-CACHAN,9.12,18H-19H,8561.91847826087,78084.69652173913
1191,1191,ARCUEIL-CACHAN,4.88,19H-20H,8561.91847826087,41782.162173913035
1192,1192,ARCUEIL-CACHAN,0.04,4H-5H,8561.91847826087,342.4767391304348
1193,1193,DENFERT-ROCHEREAU,10.52,17H-18H,17593.385869565216,185082.4193478261
1194,1194,DENFERT-ROCHEREAU,10.36,18H-19H,17593.385869565216,182267.47760869566
1195,1195,DENFERT-ROCHEREAU,11.31,8H-9H,17593.385869565216,198981.19418478262
1196,1196,DENFERT-ROCHEREAU,6.42,9H-10H,17593.385869565216,112949.53728260867
1197,1197,DRANCY,3.27,13H-14H,7047.91304347826,23046.675652173915
1198,1198,DRANCY,3.03,18H-19H,7047.91304347826,21355.17652173913
1199,1199,FONTENAY-AUX-ROSES,4.7,16H-17H,2661.1521739130435,12507.415217391304
1200,1200,FONTENAY-AUX-ROSES,2.23,20H-21H,2661.1521739130435,5934.369347826087
1201,1201,FONTENAY-AUX-ROSES,1.12,21H-22H,2661.1521739130435,2980.490434782609
1202,1202,FONTENAY-AUX-ROSES,0.9,22H-23H,2661.1521739130435,2395.0369565217393
1203,1203,FONTENAY-AUX-ROSES,0.0,3H-4H,2661.1521739130435,0.0
1204,1204,FONTENAY-AUX-ROSES,8.15,9H-10H,2661.1521739130435,21688.390217391305
1205,1205,GENTILLY,3.18,10H-11H,5464.619565217391,17377.490217391303
1206,1206,GENTILLY,3.39,12H-13H,5464.619565217391,18525.06032608696
1207,1207,GENTILLY,3.16,14H-15H,5464.619565217391,17268.197826086962
1208,1208,GENTILLY,13.89,18H-19H,5464.619565217391,75903.56576086956
1209,1209,GENTILLY,0.01,2H-3H,5464.619565217391,54.64619565217391
1210,1210,GENTILLY,0.0,3H-4H,5464.619565217391,0.0
1211,1211,GIF-SUR-YVETTE,3.29,11H-12H,1359.266304347826,4471.986141304347
1212,1212,GIF-SUR-YVETTE,3.73,12H-13H,1359.266304347826,5070.0633152173905
1213,1213,GIF-SUR-YVETTE,3.07,14H-15H,1359.266304347826,4172.947554347826
1214,1214,GIF-SUR-YVETTE,3.17,15H-16H,1359.266304347826,4308.8741847826095
1215,1215,GIF-SUR-YVETTE,0.0,1H-2H,1359.266304347826,0.0
1216,1216,GIF-SUR-YVETTE,0.61,21H-22H,1359.266304347826,829.1524456521738
1217,1217,GIF-SUR-YVETTE,0.7,22H-23H,1359.266304347826,951.4864130434779
1218,1218,LA COURNEUVE-AUBERVILLIERS,7.01,16H-17H,11722.66847826087,82175.90603260869
1219,1219,LA COURNEUVE-AUBERVILLIERS,4.01,19H-20H,11722.66847826087,47007.90059782608
1220,1220,LA COURNEUVE-AUBERVILLIERS,0.45,4H-5H,11722.66847826087,5275.20081521739
1221,1221,LA COURNEUVE-AUBERVILLIERS,9.15,6H-7H,11722.66847826087,107262.41657608695
1222,1222,AULNAY-SOUS-BOIS,5.69,16H-17H,15838.554347826086,90121.37423913043
1223,1223,AULNAY-SOUS-BOIS,2.71,19H-20H,15838.554347826086,42922.48228260869
1224,1224,AULNAY-SOUS-BOIS,0.26,2H-3H,15838.554347826086,4118.024130434783
1225,1225,LA CROIX-DE-BERNY-FRESNES,0.17,0H-1H,7856.554347826086,1335.614239130435
1226,1226,LA CROIX-DE-BERNY-FRESNES,6.88,16H-17H,7856.554347826086,54053.09391304348
1227,1227,LA CROIX-DE-BERNY-FRESNES,1.69,21H-22H,7856.554347826086,13277.576847826089
1228,1228,SAINT-MICHEL,0.0,1H-2H,18866.54891304348,0.0
1229,1229,SAINT-MICHEL,0.0,3H-4H,18866.54891304348,0.0
1230,1230,SAINT-MICHEL,5.63,8H-9H,18866.54891304348,106218.6703804348
1231,1231,MASSY-PALAISEAU,4.03,13H-14H,22462.82608695652,90525.18913043477
1232,1232,MASSY-PALAISEAU,0.1,23H-0H,22462.82608695652,2246.282608695652
1233,1233,MASSY-PALAISEAU,7.77,7H-8H,22462.82608695652,174536.15869565215
1234,1234,MASSY-VERRIERES,2.46,13H-14H,1234.0489130434785,3035.760326086957
1235,1235,MASSY-VERRIERES,3.12,16H-17H,1234.0489130434785,3850.232608695652
1236,1236,MASSY-VERRIERES,2.01,19H-20H,1234.0489130434785,2480.438315217391
1237,1237,MASSY-VERRIERES,0.09,21H-22H,1234.0489130434785,111.06440217391304
1238,1238,MASSY-VERRIERES,0.01,4H-5H,1234.0489130434785,12.340489130434785
1239,1239,MASSY-VERRIERES,4.26,6H-7H,1234.0489130434785,5257.048369565217
