,insee,TauxProprietaires,TauxChomage,NiveauVieMedian,densitehabkm2,dipl_su_tx,no2,o3,pm10,Tour1Candidat1,tp,medianendv,nb_redevables,patrimoineeuro,impotmoyeneuro,prixm2
0,78561,77.10843373,3.913043478,36311.0,66.2613981763,0.5663597368384343,16.343406593406595,32.082417582417584,24.543956043956044,FILLON François,,36311.4705882,,,,2113.0
9,91338,70.49360146,6.921675774,28123.0,459.75869410900003,0.40709143201044834,15.585164835164836,33.145604395604394,24.571428571428573,MACRON Emmanuel,5.0,28122.777777799998,,,,2881.0
18,91122,71.18371719,8.049014897000001,31769.0,2145.45454545,0.6391100023378906,19.354395604395606,32.717032967032964,25.98901098901099,MACRON Emmanuel,5.0,31768.8888889,,,,3848.0
27,78343,78.38827839,6.285714286,37659.0,620.883534137,0.6348455336835019,21.62087912087912,30.87912087912088,26.065934065934066,FILLON François,,37659.3333333,,,,4044.0
36,91679,74.4,7.3170731710000005,31538.0,201.80327868900002,0.5407577497129736,19.321428571428573,31.86813186813187,25.61263736263736,MACRON Emmanuel,,31538.4,,,,3673.0
45,78620,70.91836735,6.697819315,32816.0,249.627791563,0.6201433220271262,20.01098901098901,31.445054945054945,25.8489010989011,MACRON Emmanuel,,32816.4,,,,3914.0
54,78143,84.55598456,6.789250354,34954.0,287.018255578,0.6663212435233159,19.17032967032967,31.89010989010989,25.57967032967033,MACRON Emmanuel,,34953.6666667,,,,3631.0
63,91275,71.14427861,6.8482490270000005,29234.0,523.3532934130001,0.5144027508202731,17.61263736263736,32.84065934065934,25.29945054945055,MACRON Emmanuel,,29234.0,,,,3365.0
72,78322,61.42949131,9.023005677,33588.0,801.073170732,0.6158970901949793,22.79945054945055,31.15934065934066,26.71153846153846,MACRON Emmanuel,7.0,33588.3333333,,,,4420.0
81,78117,66.54072208,7.027406887000001,33116.0,651.552795031,0.6251562890722681,22.85164835164835,30.939560439560438,26.60164835164835,MACRON Emmanuel,,33115.7142857,,,,4426.0
90,78297,39.10222222,10.18083532,23318.0,2130.09049774,0.4576830779875038,21.25,31.162087912087912,26.447802197802197,MACRON Emmanuel,10.0,23318.0952381,,,,3529.0
99,91471,59.554277500000005,8.283947436,30417.0,2126.06951872,0.6085678866256707,20.576923076923077,32.2032967032967,26.46978021978022,MACRON Emmanuel,6.0,30417.2,,,,3805.0
108,78356,60.655737699999996,9.444086713999999,26286.0,545.890821836,0.4352541275493687,18.906593406593405,32.13461538461539,25.593406593406595,MACRON Emmanuel,6.0,26285.7142857,,,,3197.0
117,91274,75.75757576,6.896551724,31081.0,143.285123967,0.528327167932374,16.914835164835164,33.01648351648352,25.024725274725274,MACRON Emmanuel,,31081.4285714,,,,3326.0
126,91272,67.45860331,7.863010776,33295.0,1732.94117647,0.6367747135105222,19.39835164835165,32.887362637362635,25.86263736263736,MACRON Emmanuel,5.0,33294.5,95.0,2030688.70526316,7282.48421052632,3484.0
135,78575,72.87409361,8.580949736,32875.0,794.517766497,0.5818081800611227,17.60164835164835,32.64010989010989,25.013736263736263,MACRON Emmanuel,5.0,32875.0,,,,3764.0
144,91319,81.30081301,6.52173913,28821.0,70.0598802395,0.3829121944806043,17.84065934065934,32.80494505494506,25.48901098901099,FILLON François,,28820.952381,,,,2332.0
153,91560,70.44025157,4.6082949310000005,27206.0,69.5760598504,0.4097222222222222,19.184065934065934,32.66483516483517,26.013736263736263,MACRON Emmanuel,,27206.1904762,,,,2146.0
162,91111,76.59894658,6.591549296,28084.0,312.254025045,0.43496482524226604,16.810439560439562,33.05494505494506,25.046703296703296,MACRON Emmanuel,,28084.2857143,,,,2714.0
171,91249,79.25824176,6.968641115,27584.0,255.48738923,0.43959371671333713,15.31868131868132,33.12362637362637,24.51923076923077,MACRON Emmanuel,,27583.9130435,,,,2659.0
180,78545,40.15382575,9.637934581,23878.0,3454.99021526,0.45620517271360295,21.96153846153846,30.266483516483518,26.766483516483518,MACRON Emmanuel,10.0,23877.5,,,,3723.0
189,91534,71.51767152,5.050505051,32046.0,250.83880379299998,0.5287325850311893,21.667582417582416,31.903846153846153,26.48901098901099,MACRON Emmanuel,,32045.7142857,,,,4130.0
198,78160,64.44826106,6.528081692000001,30295.0,426.745040411,0.5397550116829042,16.571428571428573,32.5989010989011,24.686813186813186,FILLON François,6.0,30294.615384599994,,,,3240.0
207,91538,73.94366197,7.449856734,36170.0,195.77464788700001,0.6974459724950889,18.925824175824175,32.02197802197802,25.51923076923077,MACRON Emmanuel,,36169.5,,,,3710.0
216,78688,70.97500563,6.544181977,33333.0,3204.1322314,0.6324807502656935,18.607142857142858,31.302197802197803,25.395604395604394,MACRON Emmanuel,5.0,33332.6666667,,,,4103.0
225,91411,83.4965035,5.345211581,32523.0,279.574468085,0.5193165590961908,15.387362637362637,32.870879120879124,24.373626373626372,MACRON Emmanuel,,32522.5,,,,3312.0
234,91482,82.14285714,3.5587188610000005,28278.0,83.5781041389,0.38826575744062997,13.934065934065934,32.97802197802198,24.013736263736263,MACRON Emmanuel,,28277.6190476,,,,2923.0
243,78162,81.46341463,12.14574899,32643.0,59.709821428599994,0.5280973318115112,14.26923076923077,32.83791208791209,23.967032967032967,FILLON François,,32642.6666667,,,,1767.0
252,78406,87.25490196,9.821428571,39244.0,95.4692556634,0.5750423328916965,16.903846153846153,31.994505494505493,24.692307692307693,FILLON François,,39244.0,,,,2263.0
261,91093,92.64069264,4.7619047619999995,34924.0,131.147540984,0.6078431372549019,14.98076923076923,32.76648351648352,24.23076923076923,FILLON François,,34924.3478261,,,,2149.0
270,91634,75.98343685,5.379746835,26944.0,209.090909091,0.4213802654209092,15.04945054945055,32.84340659340659,24.291208791208792,MACRON Emmanuel,,26943.9393939,,,,1689.0
279,78548,79.08163265,4.7244094489999995,35335.0,76.9102990033,0.5723548034893968,15.093406593406593,32.332417582417584,24.104395604395606,FILLON François,,35334.8,,,,2648.0
288,91312,69.81037924,6.969003537000001,29272.0,2711.8556700999998,0.48870289706532716,22.37912087912088,31.282967032967033,26.958791208791208,MACRON Emmanuel,6.0,29272.0,,,,4236.0
297,91666,73.37078652,7.488299532,26378.0,419.366852886,0.3453062777310176,21.082417582417584,32.244505494505496,26.71978021978022,MACRON Emmanuel,,26378.0,,,,2719.0
306,91635,82.55372946,7.802197802,34940.0,593.072289157,0.5359975688661088,21.59065934065934,31.53846153846154,26.57967032967033,MACRON Emmanuel,,34940.0,,,,4511.0
315,91186,82.45614035,7.395498392,29354.0,158.994708995,0.47846889952153143,15.692307692307692,32.815934065934066,24.458791208791208,MACRON Emmanuel,,29354.4,,,,2718.0
324,91243,80.15873016,7.2490706320000005,27441.0,191.93877551,0.4063549853909095,17.947802197802197,32.89010989010989,25.376373626373628,MACRON Emmanuel,,27440.5,,,,2796.0
333,91477,51.71780393,8.482272807000001,26366.0,2591.11111111,0.5195311220307723,22.65934065934066,31.846153846153847,27.50824175824176,MACRON Emmanuel,8.0,26365.5555556,,,,3489.0
342,91363,71.50111076,8.50591716,27095.0,476.835820896,0.39271396200104586,20.085164835164836,32.64010989010989,26.291208791208792,MACRON Emmanuel,6.0,27095.384615400006,,,,2924.0
351,78640,39.53654553,7.523097227999999,26540.0,2308.91861761,0.4196220982557561,23.95054945054945,30.406593406593405,27.46978021978022,MACRON Emmanuel,6.0,26539.5238095,,,,4281.0
360,91064,66.79327184,8.347245409,32078.0,460.47471620199997,0.5609379821042888,23.486263736263737,31.217032967032967,27.332417582417584,FILLON François,5.0,32078.3333333,,,,3951.0
369,91661,60.97942755,7.4962518739999995,27629.0,1300.66755674,0.4917375212948842,22.46153846153846,31.931318681318682,27.434065934065934,MACRON Emmanuel,6.0,27629.0,,,,3348.0
378,91458,75.7118928,6.607073455,27933.0,641.734417344,0.42736998152078637,21.178571428571427,32.31318681318681,26.733516483516482,MACRON Emmanuel,5.0,27933.196969700002,,,,3254.0
387,91216,68.23474616,10.37306642,26763.0,2357.40318907,0.38619564531515344,23.953296703296704,31.692307692307693,28.28021978021978,MACRON Emmanuel,7.0,26763.0,,,,3371.0
396,91667,77.61887737,8.866155158,28717.0,2994.42060086,0.4490163199540002,23.346153846153847,31.63186813186813,27.75824175824176,MACRON Emmanuel,5.0,28717.1428571,,,,3297.0
405,91432,68.17839669,10.28051328,24277.0,2617.87941788,0.30966261911147774,25.71978021978022,30.917582417582416,29.857142857142858,MACRON Emmanuel,9.0,24277.0,,,,3257.0
414,91161,60.26554013,10.90047393,21713.0,3340.95744681,0.3181362816567609,25.318681318681318,31.002747252747252,29.524725274725274,MACRON Emmanuel,14.0,21712.6666667,,,,2586.0
423,91345,52.19045423,12.29279195,21876.0,4425.92592593,0.3279569225689919,24.302197802197803,31.28021978021978,28.563186813186814,MACRON Emmanuel,14.0,21876.0,,,,2812.0
432,92022,53.35227273,7.849056603999999,29561.0,5280.67226891,0.5723269406603022,24.04945054945055,29.77747252747253,27.524725274725274,MACRON Emmanuel,8.0,29560.8,100.0,1874160.01,6049.44,5064.0
441,92048,52.86067092,9.884138673999999,28076.0,4523.61809045,0.5199085342137648,25.085164835164836,30.074175824175825,28.78846153846154,MACRON Emmanuel,9.0,28076.0,368.0,2047998.72826087,6815.59239130435,4989.0
450,91689,66.28462273,7.9488999289999995,27131.0,668.092105263,0.4100460231357845,26.84065934065934,30.763736263736263,30.494505494505493,MACRON Emmanuel,5.0,27131.1111111,,,,4002.0
459,94034,52.93726236,10.04212945,22226.0,7407.58426966,0.3604429337314759,27.376373626373628,30.4010989010989,30.88736263736264,MACRON Emmanuel,13.0,22226.0869565,,,,3135.0
468,91377,40.68946293,11.14552253,22511.0,4570.24442083,0.4712248353247098,25.01923076923077,31.384615384615383,29.206043956043956,MACRON Emmanuel,15.0,22511.0,,,,3379.0
477,92002,58.90037487,9.393049276000001,29100.0,6486.61087866,0.558463423992563,26.39010989010989,30.895604395604394,29.96153846153846,MACRON Emmanuel,8.0,29099.523809500002,229.0,1983851.71615721,7066.10917030568,4812.0
486,91136,69.98972251,9.077809797999999,23459.0,699.730458221,0.26204183159002986,23.63736263736264,31.21978021978022,28.214285714285715,MÉLENCHON Jean-Luc,10.0,23459.1794872,,,,3383.0
495,91645,69.68703916,7.294292068,33933.0,1554.95495495,0.5838891380602468,24.11813186813187,31.156593406593405,28.164835164835164,MACRON Emmanuel,5.0,33933.4,,,,4371.0
504,92014,50.30843798,9.750320733999999,31039.0,10743.010752700002,0.6364310157377085,26.939560439560438,30.13186813186813,30.51923076923077,MACRON Emmanuel,9.0,31038.6666667,149.0,2184139.87919463,8601.63758389262,5057.0
513,92060,43.94994134,7.887603306,27545.0,8244.28152493,0.4915585672109094,24.736263736263737,30.425824175824175,28.560439560439562,MACRON Emmanuel,6.0,27545.277777799998,69.0,2007167.28985507,6522.44927536232,4976.0
522,92071,48.93244662,8.931219345,33503.0,5536.11111111,0.659050671092319,26.266483516483518,30.554945054945055,29.906593406593405,MACRON Emmanuel,6.0,33503.0,,,,5717.0
531,92019,41.54157044,11.77164865,24150.0,5028.68338558,0.47237974284166756,25.005494505494507,30.824175824175825,28.75,MACRON Emmanuel,12.0,24150.0,95.0,2098436.31578947,8312.54736842105,4319.0
540,91425,60.69745523,7.8366725839999996,24892.0,2114.15662651,0.36584579127159683,20.821428571428573,32.222527472527474,26.37912087912088,FILLON François,8.0,24892.0,,,,2845.0
549,91347,82.15158924,7.663316582999999,26904.0,1277.31755424,0.3886348791639451,21.467032967032967,32.17307692307692,26.706043956043956,MACRON Emmanuel,10.0,26903.5,,,,2992.0
558,91685,69.19220056,9.275618375,26228.0,2170.94972067,0.4130990415335463,22.032967032967033,31.945054945054945,27.01923076923077,MACRON Emmanuel,5.0,26228.0952381,,,,3173.0
567,92023,50.45489522,10.84588031,26163.0,6019.52054795,0.4651100671951318,25.563186813186814,30.40934065934066,29.38186813186813,MACRON Emmanuel,12.0,26162.6666667,238.0,2025761.18907563,6803.97899159664,5229.0
576,92020,46.36676077,9.322536046,27542.0,11401.0238908,0.5257876868138489,26.417582417582416,29.873626373626372,30.17032967032967,MACRON Emmanuel,9.0,27542.4,75.0,2089412.92,7767.56,5311.0
585,92032,42.56198347,10.91821973,24923.0,9204.743083,0.49592713325839805,25.645604395604394,30.324175824175825,29.315934065934066,MACRON Emmanuel,11.0,24922.8125,67.0,1964281.04477612,6220.5671641791,4564.0
594,91339,73.79364457,8.776896942,24779.0,857.763157895,0.29484303007039087,20.365384615384617,32.42857142857143,26.14010989010989,LE PEN Marine,10.0,24779.047619,,,,2858.0
603,91665,72.85921626,9.366031829,25432.0,2005.07042254,0.3295101088646967,21.162087912087912,32.112637362637365,26.645604395604394,MACRON Emmanuel,7.0,25431.5384615,,,,3167.0
612,91333,81.40262993,9.336188437,25615.0,1637.6,0.3543925737855868,19.678571428571427,32.23076923076923,25.818681318681318,MACRON Emmanuel,8.0,25615.3333333,,,,2903.0
621,91044,73.40619308,7.900386432,26944.0,944.75,0.41146168705730846,22.865384615384617,31.85164835164835,27.604395604395606,MACRON Emmanuel,7.0,26943.8888889,,,,3576.0
630,91587,71.31967604,8.671988389,25192.0,656.088082902,0.36054109559188463,23.21153846153846,31.824175824175825,27.9010989010989,MACRON Emmanuel,6.0,25192.4,,,,3011.0
639,78686,63.37884951,6.69705026,33254.0,4492.28571429,0.645104081201855,23.782967032967033,29.87087912087912,27.126373626373628,MACRON Emmanuel,5.0,33253.75,,,,5085.0
648,91589,64.54112038,11.61479232,24013.0,5297.004279600001,0.36101773161566425,25.13186813186813,31.21153846153846,29.35164835164835,MACRON Emmanuel,12.0,24012.6666667,,,,3236.0
657,91479,62.33766234,10.37762238,23994.0,1183.33333333,0.24513969679209124,27.164835164835164,30.782967032967033,30.810439560439562,LE PEN Marine,9.0,23994.0,,,,3826.0
666,94016,39.1563007,13.51238228,23126.0,10217.2661871,0.4751515794048748,28.313186813186814,30.087912087912088,31.62912087912088,MACRON Emmanuel,15.0,23125.641025599998,,,,4543.0
675,92040,39.59721,8.483412322000001,30422.0,15370.8235294,0.6101862464628586,26.03021978021978,29.27747252747253,29.912087912087912,MACRON Emmanuel,8.0,30422.0,307.0,1989043.76547231,6380.88273615635,6729.0
684,94065,65.44021025,7.37921906,28743.0,1352.61904762,0.43498876965310707,27.681318681318682,30.354395604395606,31.13186813186813,MACRON Emmanuel,5.0,28742.6666667,,,,4112.0
693,92007,24.10250212,16.41446399,18738.0,9091.38755981,0.34288906803483793,27.854395604395606,30.208791208791208,31.296703296703296,MÉLENCHON Jean-Luc,21.0,18738.3333333,,,,4425.0
702,92049,40.80994354,9.818102918,27477.0,23531.4009662,0.5687486782685599,28.266483516483518,29.03021978021978,31.681318681318682,MACRON Emmanuel,11.0,27477.3333333,158.0,2220990.12658228,9363.35443037975,6117.0
711,92075,43.6899084,9.908599917,27857.0,17321.7948718,0.5588107918827432,27.384615384615383,28.744505494505493,30.96153846153846,MACRON Emmanuel,9.0,27857.0,140.0,2042435.27142857,7333.36428571429,5837.0
720,92046,27.72396238,12.23898984,23087.0,14863.7681159,0.4365848408524623,26.796703296703296,29.153846153846153,30.568681318681318,MÉLENCHON Jean-Luc,13.0,23087.222222200002,61.0,2216358.55737705,7814.26229508197,5652.0
729,91326,45.02998596,11.8675466,22478.0,6692.37668161,0.42158904784203605,25.016483516483518,30.86813186813187,29.315934065934066,MACRON Emmanuel,14.0,22477.777777799998,,,,3184.0
738,94021,41.51888975,10.37539103,20925.0,4391.46919431,0.3284972852257906,28.65934065934066,30.417582417582416,31.64010989010989,MÉLENCHON Jean-Luc,16.0,20925.2,,,,3344.0
747,94076,38.88090609,14.89268984,19468.0,10571.4555766,0.3567419585883941,29.945054945054945,29.958791208791208,32.73351648351648,MÉLENCHON Jean-Luc,21.0,19468.4615385,,,,4323.0
756,94073,52.07701762,12.24831046,22431.0,4538.66459627,0.3467335491829207,29.057692307692307,30.453296703296704,31.945054945054945,MACRON Emmanuel,15.0,22431.25,,,,3427.0
765,91027,44.37626282,9.381844731000001,20835.0,3460.67285383,0.3022888184217057,25.75,30.818681318681318,30.134615384615383,MÉLENCHON Jean-Luc,16.0,20835.3333333,,,,3139.0
774,92012,43.74326059,9.831897814,31777.0,18897.560975599998,0.6371394870553954,26.942307692307693,29.002747252747252,30.486263736263737,FILLON François,9.0,31777.3333333,1661.0,2188566.2576761,8092.75857916918,7360.0
783,94037,22.72350503,15.22517634,19914.0,14437.606837600002,0.3753275811840163,29.392857142857142,28.74175824175824,32.59615384615385,MÉLENCHON Jean-Luc,20.0,19913.809523800002,,,,5040.0
792,94003,30.19387755,14.16583052,21500.0,8626.60944206,0.4086816208601406,28.51098901098901,29.07967032967033,31.906593406593405,MÉLENCHON Jean-Luc,17.0,21500.434782599998,,,,4611.0
801,94043,27.08369136,14.15129565,21805.0,16750.6410256,0.4479337883031074,29.931318681318682,29.002747252747252,32.90384615384615,MACRON Emmanuel,17.0,21805.0,,,,4983.0
810,94038,47.43510981,12.35302068,22273.0,7839.48717949,0.3896441502267362,28.912087912087912,30.45054945054945,31.835164835164836,MACRON Emmanuel,16.0,22273.414634099998,52.0,2036460.38461538,7612.44230769231,3888.0
819,94081,36.92671138,17.53891573,17943.0,7407.80445969,0.2914840661736907,31.28021978021978,30.20054945054945,33.20054945054945,MÉLENCHON Jean-Luc,24.0,17943.3333333,,,,3704.0
828,94041,28.64664657,16.40507142,17663.0,9491.84339315,0.3663014681473542,31.807692307692307,28.967032967032967,33.67032967032967,MÉLENCHON Jean-Luc,28.0,17662.8571429,,,,4310.0
837,75103,33.70630066,10.69774038,31333.0,,0.6962982498623731,31.662087912087912,27.513736263736263,33.52472527472528,,13.0,31333.0,681.0,2524440.65051395,11379.8795888399,
846,75101,33.51351351,10.88736446,32697.0,,0.6508118584429072,31.373626373626372,27.51923076923077,33.06318681318681,,11.0,32697.3333333,482.0,2692822.67219917,12570.3589211618,
855,75114,31.36217834,11.79860993,27288.0,,0.6187149938934848,30.456043956043956,28.752747252747252,32.777472527472526,,13.0,27287.6,1655.0,2294996.97039275,9172.5081570997,
864,75107,38.16176731,9.563433702000001,42466.0,,0.7229789438244316,32.51648351648352,27.807692307692307,33.104395604395606,,8.0,42465.555555599996,3913.0,3086755.64119601,15497.6912854587,
873,75113,26.96524789,12.85623544,23751.0,,0.5449128980515551,31.791208791208792,28.48076923076923,33.84340659340659,,17.0,23750.684782599998,887.0,2136714.69334837,8131.57271702368,
882,75102,34.33637371,10.78336196,30567.0,,0.6947052371513962,32.40659340659341,27.50824175824176,33.54120879120879,,14.0,30566.5,270.0,2225963.43333333,8608.2037037037,
891,75105,34.24749985,9.7437994,33169.0,,0.7309662792473383,31.12087912087912,27.983516483516482,33.18131868131868,,10.0,33169.3333333,1550.0,2315261.58903226,9055.89096774194,
900,75106,39.66931158,10.13773222,39063.0,,0.7332180595598,30.85989010989011,27.931318681318682,32.9010989010989,,9.0,39062.6666667,2588.0,2763411.1866306,12679.5401854714,
909,75115,31.38565076,9.906765479,30448.0,,0.6569398934586358,30.947802197802197,28.585164835164836,32.47527472527472,,12.0,30448.0,2948.0,2189492.22523745,8301.9328358209,
918,75109,38.41813253,9.918066935,33258.0,,0.7059760239201199,32.2967032967033,27.51098901098901,33.18681318681319,,12.0,33258.0,1045.0,2203110.7569378,8352.5961722488,
927,75104,33.98355326,10.55800104,31007.0,,0.6974560691992172,31.917582417582416,27.815934065934066,33.64835164835165,,12.0,31007.222222200002,811.0,2696138.07398274,12966.6448828607,
936,75108,36.39868466,9.082795191,40540.0,,0.6893214717956951,32.870879120879124,27.623626373626372,33.417582417582416,,9.0,40540.0,1969.0,2800935.38496699,13268.6196038598,
945,94018,38.72652831,10.62172938,27571.0,16066.304347799998,0.5177946657388816,31.456043956043956,28.38186813186813,33.19505494505494,MACRON Emmanuel,10.0,27570.952381,189.0,2152216.3015873,8019.74603174603,6347.0
954,75111,34.56564789,11.964336099999999,26810.0,,0.6336748660974704,32.895604395604394,27.86263736263736,33.9478021978022,,15.0,26810.3333333,985.0,2121354.34010152,7816.45685279188,
963,75110,35.95376926,12.14414677,25618.0,,0.6233095579888368,32.989010989010985,27.89010989010989,33.815934065934066,,18.0,25618.0,482.0,2171289.51659751,8380.4979253112,
972,91434,65.26740187,12.91124713,23062.0,4804.33789954,0.31140094060481793,23.72252747252747,31.4010989010989,27.925824175824175,MÉLENCHON Jean-Luc,12.0,23062.0,,,,3059.0
981,75116,44.82006149,10.226555099999999,38387.0,,0.6660797529104632,32.964285714285715,28.802197802197803,33.09615384615385,,11.0,38387.0,8502.0,2730206.15843331,12280.6290284639,
990,92072,53.27159251,10.60541734,30755.0,5923.15521628,0.5764962250401684,25.046703296703296,29.607142857142858,28.725274725274726,MACRON Emmanuel,8.0,30755.0,247.0,2030027.99595142,6888.87854251012,5408.0
999,92044,36.65561407,10.03988209,30931.0,26706.1983471,0.5930904623241935,31.835164835164836,27.78846153846154,32.86538461538461,FILLON François,9.0,30930.6666667,546.0,2236646.47252747,8473.02014652015,7818.0
1008,92051,49.75719736,9.442028986,43849.0,16612.096774200003,0.6727299020721194,31.692307692307693,28.043956043956044,32.78846153846154,FILLON François,8.0,43848.6666667,3387.0,2835535.10924122,13717.3359905521,8590.0
1017,92064,51.30987444,8.719661849,36616.0,3882.18085106,0.6468852530175299,25.92032967032967,29.63736263736264,29.552197802197803,FILLON François,6.0,36616.0,585.0,2349573.25128205,8917.90256410256,6153.0
1026,75117,35.12156686,11.52048656,30282.0,,0.6332397120102766,33.28846153846154,28.123626373626372,33.56318681318681,,14.0,30281.5,3419.0,2395147.95086283,9581.77595788242,
1035,93061,25.59990206,17.80245849,19257.0,25821.428571400003,0.35026881064879317,32.247252747252745,28.412087912087912,32.47527472527472,MÉLENCHON Jean-Luc,22.0,19256.5,,,,5059.0
1044,93070,22.62824408,17.61072217,17329.0,11190.3981265,0.35489427252294303,32.967032967032964,28.766483516483518,33.167582417582416,MÉLENCHON Jean-Luc,28.0,17328.6666667,,,,4717.0
1053,94067,46.7452785,9.576524337,32075.0,24768.888888900005,0.5939158735755867,31.395604395604394,28.11813186813187,32.79945054945055,FILLON François,9.0,32074.6666667,409.0,2414991.85085575,10187.0366748166,7228.0
1062,92024,29.22941951,14.4077961,18789.0,19304.5454545,0.43711546660841055,31.774725274725274,28.26098901098901,32.56043956043956,MACRON Emmanuel,24.0,18788.6666667,52.0,2064632.42307692,7864.80769230769,5426.0
1071,94002,30.08730357,15.49697641,19695.0,12073.1707317,0.3700611633041208,30.85164835164835,29.54945054945055,32.925824175824175,MÉLENCHON Jean-Luc,22.0,19694.5,,,,4362.0
1080,94022,41.4136494,15.44595007,19105.0,7644.17744917,0.33728604560206366,28.87087912087912,30.178571428571427,32.010989010989015,MÉLENCHON Jean-Luc,22.0,19105.2857143,,,,3362.0
1089,75120,27.55395388,14.99906472,21017.0,,0.5029340658513481,32.82142857142857,28.192307692307693,33.747252747252745,,22.0,21017.3333333,447.0,2050430.74496644,7419.08724832215,
1098,75119,28.31602761,16.68762109,19611.0,,0.4614879907166436,33.82692307692308,28.623626373626372,33.72802197802198,,24.0,19610.6666667,445.0,2162784.69438202,7989.63370786517,
1107,75118,33.52664532,13.34967349,21542.0,,0.5472661870914469,33.68131868131868,28.247252747252748,33.892857142857146,,22.0,21541.7391304,720.0,2396046.86666667,9882.29722222222,
1116,92073,37.96723472,10.12309319,28371.0,12335.7894737,0.5586338435526313,26.733516483516482,29.021978021978022,30.565934065934066,MACRON Emmanuel,10.0,28370.7407407,229.0,2024496.6419214,6801.5327510917,6020.0
1125,93013,40.60634621,18.900885600000002,16325.0,7342.15686275,0.23435269477812512,30.057692307692307,30.096153846153847,30.895604395604394,MÉLENCHON Jean-Luc,31.0,16324.666666699999,,,,3177.0
1134,93008,26.97534511,24.1931297,14452.0,7006.52818991,0.18201081827504115,31.804945054945055,30.01923076923077,31.846153846153847,MÉLENCHON Jean-Luc,36.0,14451.632653100001,,,,3066.0
1143,93029,45.39200177,20.03680836,16846.0,8553.91527599,0.18420535490658302,31.104395604395606,30.153846153846153,31.50824175824176,MÉLENCHON Jean-Luc,29.0,16846.0,,,,3204.0
1152,93074,59.59484346,13.08279175,22389.0,1800.27100271,0.2632854657590698,27.53021978021978,31.063186813186814,31.50824175824176,LE PEN Marine,12.0,22388.888888900005,,,,3132.0
1161,77514,56.68481549,12.25527394,20835.0,2954.81927711,0.26226635628246914,26.964285714285715,31.225274725274726,31.821428571428573,MÉLENCHON Jean-Luc,15.0,20835.3333333,,,,2968.0
1170,93053,35.9438605,19.27816473,16395.0,7982.53968254,0.26143285127358834,30.90934065934066,29.766483516483518,31.804945054945055,MÉLENCHON Jean-Luc,30.0,16394.5,,,,3313.0
1179,93015,84.30735931,8.906711693,25472.0,1121.9047619,0.3149092741518287,27.263736263736263,31.15934065934066,31.162087912087912,LE PEN Marine,5.0,25472.2580645,,,,2942.0
1188,93047,62.14778771,14.64962539,18621.0,4790.22140221,0.21928239970454622,27.623626373626372,31.189560439560438,31.197802197802197,MÉLENCHON Jean-Luc,25.0,18621.4814815,,,,3009.0
1197,77139,81.47985989,10.65217391,25339.0,1516.90821256,0.2983812416636028,26.703296703296704,31.214285714285715,31.214285714285715,MACRON Emmanuel,7.0,25338.571428599997,,,,2990.0
1206,93046,57.39048568,12.69546657,20447.0,5711.41304348,0.27518506220204497,28.846153846153847,30.994505494505493,31.733516483516482,MACRON Emmanuel,17.0,20446.6666667,,,,2968.0
1215,93073,57.97716402,15.65176581,20010.0,1525.09960159,0.22517954348324298,28.88736263736264,31.337912087912088,32.33791208791209,MÉLENCHON Jean-Luc,17.0,20009.565217400002,,,,2884.0
1224,95277,42.5793908,17.34627832,17626.0,1306.20689655,0.2136213679766031,28.89835164835165,31.653846153846153,31.57967032967033,MÉLENCHON Jean-Luc,24.0,17626.25,,,,2712.0
1233,93007,41.21068069,21.85027863,15804.0,6385.73185732,0.1728467763644643,30.01923076923077,30.365384615384617,31.63186813186813,MÉLENCHON Jean-Luc,32.0,15803.75,,,,3138.0
1242,95088,68.4754522,17.46031746,21597.0,149.57983193299998,0.2446954485382596,28.45054945054945,30.939560439560438,30.804945054945055,LE PEN Marine,,21597.3529412,,,,3130.0
1251,95527,31.57492355,9.853817001,24477.0,201.900070373,0.2803030303030303,27.22252747252747,31.153846153846153,31.21978021978022,LE PEN Marine,,24476.6666667,,,,3318.0
1260,93030,14.24691358,21.12341772,15584.0,2779.12371134,0.18441026898572868,29.585164835164836,30.502747252747252,30.824175824175825,MÉLENCHON Jean-Luc,33.0,15584.2307692,,,,2509.0
1269,93078,57.64775514,20.610271899999997,17933.0,3440.49904031,0.21104831173035252,28.895604395604394,30.983516483516482,31.87087912087912,MÉLENCHON Jean-Luc,22.0,17933.0,,,,2590.0
1278,95212,48.93617021,8.196721311000001,,28.5714285714,0.2692307692307695,24.321428571428573,31.425824175824175,30.337912087912088,LE PEN Marine,,,,,,
1287,94058,61.42074312,9.643593857,28317.0,8387.37373737,0.4970395510864276,30.233516483516482,29.5,31.86263736263736,MACRON Emmanuel,9.0,28317.0,172.0,2015398.15116279,6368.52906976744,4879.0
1296,93049,60.12380416,11.43737539,24036.0,6053.50877193,0.3927098209299759,29.203296703296704,30.052197802197803,31.524725274725274,MACRON Emmanuel,13.0,24035.8333333,,,,3730.0
1305,93033,75.60553633,7.260435038,27681.0,3883.23353293,0.44303538555941924,27.88186813186813,30.642857142857142,31.186813186813186,FILLON François,7.0,27681.2,,,,3861.0
1314,93032,58.58157878,13.75123756,21113.0,5633.47639485,0.2985310067780572,28.423076923076923,31.068681318681318,31.521978021978022,MACRON Emmanuel,17.0,21113.3333333,,,,3106.0
1323,93064,46.46579805,13.95764454,19947.0,6968.58108108,0.30534072858103684,30.054945054945055,30.076923076923077,31.782967032967033,MÉLENCHON Jean-Luc,20.0,19946.6666667,,,,3329.0
1332,93062,55.85835258,12.04478015,26564.0,6135.68281938,0.44559414758186755,28.203296703296704,30.483516483516482,31.28021978021978,FILLON François,12.0,26563.7391304,,,,3821.0
1341,93077,51.71040871,12.12610069,21782.0,7021.78217822,0.3437078558544856,29.052197802197803,30.505494505494507,31.689560439560438,MACRON Emmanuel,19.0,21782.222222200002,52.0,2197709.59615385,8727.30769230769,3388.0
1350,93050,43.97499461,13.44687195,19199.0,4878.766140600001,0.29804535917756075,28.763736263736263,30.673076923076923,31.384615384615383,MÉLENCHON Jean-Luc,21.0,19199.210526299998,,,,2975.0
1359,93010,42.7361831,22.50833944,15978.0,9680.83941606,0.21098639332041327,29.76098901098901,30.09065934065934,31.48901098901099,MÉLENCHON Jean-Luc,31.0,15978.333333300001,,,,2968.0
1368,93057,56.08568647,13.24068548,20357.0,7548.46416382,0.2993498792306535,28.706043956043956,30.23076923076923,31.228021978021978,MACRON Emmanuel,20.0,20357.3913043,,,,3141.0
1377,93063,34.86247264,19.41551376,17681.0,7394.782608699999,0.2734842637300785,31.34065934065934,29.291208791208792,31.96978021978022,MÉLENCHON Jean-Luc,26.0,17681.25,,,,4178.0
1386,93071,48.91767211,20.567313600000002,15784.0,6856.57534247,0.1902397343373093,28.717032967032967,30.84065934065934,31.656593406593405,MÉLENCHON Jean-Luc,31.0,15783.6013514,,,,2597.0
1395,93005,48.1472578,19.55993449,17211.0,5069.96904025,0.22746816408105566,29.964285714285715,30.85989010989011,32.01923076923077,MÉLENCHON Jean-Luc,27.0,17210.6060606,,,,3176.0
1404,95612,69.90654206,13.56238698,20863.0,1041.41414141,0.2174697631382343,25.884615384615383,31.384615384615383,30.414835164835164,LE PEN Marine,15.0,20862.6666667,,,,2720.0
1413,95280,53.62776025,18.21385776,16800.0,2716.31762653,0.1602494653111851,25.134615384615383,31.928571428571427,30.263736263736263,MÉLENCHON Jean-Luc,27.0,16800.0,,,,2873.0
1422,95019,71.54158215,16.19433198,18983.0,4769.79166667,0.21033351713348675,26.13186813186813,31.35989010989011,29.763736263736263,MÉLENCHON Jean-Luc,21.0,18983.3333333,,,,2925.0
1431,95351,61.69582773,11.76816135,21284.0,841.674008811,0.2654191907801295,24.173076923076923,32.15659340659341,30.181318681318682,MÉLENCHON Jean-Luc,12.0,21283.846153799997,,,,2833.0
1440,95154,65.13761468,7.2289156629999995,23307.0,73.0434782609,0.24120603015075334,23.39010989010989,31.653846153846153,30.063186813186814,LE PEN Marine,,23306.6666667,,,,1818.0
1449,95633,70.58823529,12.0,,790.0,0.10447761194029849,25.884615384615383,31.384615384615383,30.414835164835164,LE PEN Marine,,,,,,
1458,95675,74.14965986,7.126436782000001,27120.0,147.810858144,0.27874922200070457,23.22252747252747,32.244505494505496,29.964285714285715,LE PEN Marine,,27119.5,,,,3136.0
1467,95094,62.5,11.03896104,22422.0,119.434628975,0.1802392075155055,23.65934065934066,31.85164835164835,29.326923076923077,LE PEN Marine,,22421.6,,,,2634.0
1476,93014,35.62541657,22.25950783,13204.0,7553.16455696,0.13322932823962175,28.11263736263736,30.92032967032967,31.35989010989011,MÉLENCHON Jean-Luc,45.0,13204.0,,,,1636.0
1485,77282,69.64285714,14.12429379,23069.0,36.311569301300004,0.1851851851851853,25.25,31.48901098901099,30.714285714285715,LE PEN Marine,,23068.936170200002,,,,2353.0
1494,95509,86.07003891,9.246954596,24496.0,632.625482625,0.27332051628486015,21.59065934065934,32.73351648351648,29.02747252747253,MACRON Emmanuel,8.0,24496.0,,,,2750.0
1503,77294,60.80110497,13.511849800000002,21333.0,628.857715431,0.21986455815172082,27.49175824175824,31.42032967032967,32.19505494505494,MÉLENCHON Jean-Luc,12.0,21333.3333333,,,,3015.0
1512,77291,44.69453376,12.9787234,21310.0,86.5717192269,0.17391304347826086,25.48076923076923,31.307692307692307,31.01923076923077,LE PEN Marine,,21310.0,,,,2753.0
1521,95250,74.60770328,10.63605729,21960.0,2637.46556474,0.2543326238978408,19.285714285714285,32.925824175824175,28.23076923076923,MÉLENCHON Jean-Luc,11.0,21960.0,,,,2591.0
1530,95604,57.1774682,11.4379085,21811.0,720.84095064,0.27882227740333504,20.082417582417584,32.510989010989015,28.96978021978022,LE PEN Marine,9.0,21810.952381,,,,2473.0
1539,95580,89.55223881,7.078853047000001,34466.0,341.153342071,0.49980603422979025,21.01923076923077,32.52472527472528,29.35989010989011,FILLON François,,34466.0,,,,2645.0
1548,95641,62.44635193,9.923664122,24984.0,266.142684401,0.3195093457943923,22.478021978021978,32.21978021978022,29.89835164835165,LE PEN Marine,,24984.2857143,,,,2871.0
1557,77322,79.6579658,7.841945289,25258.0,197.643097643,0.2712580306948588,21.97252747252747,32.5,29.728021978021978,LE PEN Marine,,25257.619047599997,,,,2507.0
1566,95371,79.83909134,9.710094307,25027.0,631.68771527,0.2990771450680292,21.195054945054945,32.76923076923077,29.085164835164836,LE PEN Marine,6.0,25026.5384615,,,,2884.0
1575,95144,43.47826087,4.87804878,,22.8295819936,0.6153846153846145,21.456043956043956,32.604395604395606,28.846153846153847,FILLON François,,,,,,
1584,77323,68.359375,8.571428571,24581.0,136.89320388299998,0.2915326902465166,22.255494505494507,32.08791208791209,29.873626373626372,LE PEN Marine,,24581.428571400003,,,,3059.0
1593,77259,56.52173913,14.14296695,23653.0,529.892473118,0.2632312886569906,20.642857142857142,32.065934065934066,29.667582417582416,LE PEN Marine,,23652.8,,,,2696.0
1602,77511,49.60629921,10.8401084,21332.0,84.0158520476,0.21513002364066192,23.145604395604394,31.587912087912088,30.4010989010989,LE PEN Marine,,21331.7241379,,,,2984.0
1611,77123,71.72995781,7.852193995,24092.0,135.902255639,0.19373953180736272,23.87087912087912,31.21153846153846,31.23076923076923,LE PEN Marine,,24092.222222200002,,,,2599.0
1620,93027,25.74071591,25.96860219,13399.0,5164.98002663,0.17446974362075898,31.568681318681318,30.313186813186814,31.483516483516482,MÉLENCHON Jean-Luc,43.0,13399.3333333,,,,2818.0
1629,93001,22.11859384,23.41663394,13241.0,13079.2387543,0.19671134572321547,33.59065934065934,29.50824175824176,32.71978021978022,MÉLENCHON Jean-Luc,45.0,13240.6666667,,,,3312.0
1638,95210,54.076602199999996,10.99099099,28985.0,6531.07344633,0.5220654038400284,27.11263736263736,30.607142857142858,29.785714285714285,FILLON François,9.0,28984.782608700003,,,,4514.0
1647,93066,22.95328294,23.32087171,14622.0,8704.52342488,0.24963944523872084,33.41208791208791,30.27747252747253,33.032967032967036,MÉLENCHON Jean-Luc,38.0,14621.5,,,,3335.0
1656,92078,24.08742927,18.83416017,16843.0,8013.75,0.2146718601483707,30.26923076923077,29.725274725274726,31.46978021978022,MÉLENCHON Jean-Luc,25.0,16843.3333333,,,,3234.0
1665,95197,60.39270992,9.757151498999999,22731.0,5785.56149733,0.4036495778937191,27.346153846153847,31.208791208791208,29.793956043956044,MACRON Emmanuel,14.0,22731.0,,,,3231.0
1674,95555,48.56620587,15.04336557,21729.0,7464.59854015,0.34564342932093084,27.0989010989011,30.75824175824176,29.994505494505493,MACRON Emmanuel,15.0,21728.571428599997,,,,3360.0
1683,93072,30.3742838,21.42978051,14598.0,6461.96660482,0.15490461843080355,29.293956043956044,30.95054945054945,30.505494505494507,MÉLENCHON Jean-Luc,38.0,14598.333333300001,,,,2778.0
1692,93031,34.99680102,17.80185759,15844.0,11856.5217391,0.20658783631077582,29.302197802197803,30.49175824175824,30.832417582417584,MÉLENCHON Jean-Luc,31.0,15843.888888899999,,,,2619.0
1701,93059,36.14530777,21.77345885,14527.0,8123.47826087,0.17010551516413766,29.013736263736263,30.892857142857142,30.36263736263736,MÉLENCHON Jean-Luc,37.0,14526.666666699999,,,,2792.0
1710,93039,24.08616188,22.85104111,15772.0,4021.14285714,0.2705745341614907,30.596153846153847,30.052197802197803,31.593406593406595,MÉLENCHON Jean-Luc,31.0,15772.0,,,,2967.0
1719,92036,20.35648299,20.40407718,16716.0,3602.23367698,0.23195395863118073,31.53846153846154,29.997252747252748,32.18131868131868,MÉLENCHON Jean-Luc,27.0,16716.0,,,,3788.0
1728,95427,57.02378532,14.59267275,19056.0,4828.62068966,0.2843564335561323,27.593406593406595,31.274725274725274,29.873626373626372,MÉLENCHON Jean-Luc,22.0,19055.588235299998,,,,2750.0
1737,95268,35.34163332,20.11576626,14182.0,7303.30882353,0.17248967179740882,28.35989010989011,31.173076923076923,30.315934065934066,MÉLENCHON Jean-Luc,39.0,14182.0,,,,2437.0
1746,93045,38.92008235,14.68377945,22546.0,17861.111111099995,0.43380674454235774,31.804945054945055,28.785714285714285,32.285714285714285,MÉLENCHON Jean-Luc,16.0,22545.8333333,,,,5612.0
1755,93079,24.85549133,24.83801296,14801.0,5425.75107296,0.17467465899261328,28.38186813186813,30.554945054945055,30.252747252747252,MÉLENCHON Jean-Luc,33.0,14801.0,,,,2753.0
1764,95585,32.54310345,22.31088414,15074.0,6960.42908224,0.18599935625080002,26.791208791208792,32.03021978021978,29.717032967032967,MÉLENCHON Jean-Luc,34.0,15073.5,,,,2263.0
1773,95598,57.15438408,11.85361973,23743.0,4438.2278481,0.3518645336600735,26.266483516483518,31.57967032967033,29.42032967032967,MACRON Emmanuel,12.0,23742.6666667,,,,3465.0
1782,95428,57.70276393,10.97976357,26411.0,4020.15355086,0.43907926426751565,26.37912087912088,31.912087912087912,29.36813186813187,FILLON François,11.0,26411.111111099995,117.0,2241278.23931624,10005.9230769231,3417.0
1791,93006,35.04484151,18.09603109,16583.0,13429.1828794,0.3052052302968593,31.928571428571427,28.876373626373628,32.78021978021978,MÉLENCHON Jean-Luc,31.0,16583.0,,,,4470.0
1800,94080,48.44394601,9.411596175,31451.0,25470.6806283,0.6353706712252354,31.310439560439562,28.626373626373628,32.43956043956044,MACRON Emmanuel,8.0,31450.6666667,413.0,2031931.28571429,7426.08716707022,7226.0
1809,92004,42.18865533,11.44517322,24371.0,17297.9253112,0.5041270092439741,31.75824175824176,29.326923076923077,32.84340659340659,MACRON Emmanuel,16.0,24370.5,280.0,2242350.46785714,8032.55714285714,5379.0
1818,92009,52.22045995,10.01427697,28760.0,14988.0829016,0.5245850572848743,29.593406593406595,29.065934065934066,31.835164835164836,MACRON Emmanuel,11.0,28760.0,115.0,1905505.53913043,5348.77391304348,5568.0
1827,93048,36.29972565,17.66897747,18428.0,11580.6741573,0.39575758155444285,32.12362637362637,29.516483516483518,33.027472527472526,MÉLENCHON Jean-Luc,26.0,18428.0,79.0,1995166.4556962,6756.94936708861,4774.0
1836,93055,32.28955533,17.621512699999997,16851.0,10652.8712871,0.35149167384639807,32.53021978021978,29.104395604395606,32.324175824175825,MÉLENCHON Jean-Luc,29.0,16851.4285714,,,,4646.0
1845,95369,76.46090535,8.398576512,29717.0,3934.24657534,0.49350923624301457,23.97252747252747,32.027472527472526,28.296703296703296,MACRON Emmanuel,,29716.9444444,,,,3379.0
1854,95680,35.77054066,21.85263158,14903.0,3757.26027397,0.18720579043358057,25.357142857142858,31.967032967032967,29.554945054945055,MÉLENCHON Jean-Luc,35.0,14903.076923100001,,,,2431.0
1863,95205,63.38276836,10.64220183,23629.0,958.453473132,0.3270264782462546,23.906593406593405,32.46978021978022,28.978021978021978,MACRON Emmanuel,9.0,23628.5,,,,2822.0
1872,95489,84.6743295,12.35294118,26431.0,175.54479418900002,0.33602804579583034,23.65934065934066,32.26373626373626,28.326923076923077,FILLON François,,26431.3333333,,,,2844.0
1881,95539,62.25800615,12.81595846,22681.0,2397.49582638,0.3263447751217142,25.326923076923077,31.986263736263737,29.041208791208792,FILLON François,12.0,22681.0,,,,3080.0
1890,95288,67.50798722,10.98578841,23951.0,2780.64516129,0.3489782250242504,26.107142857142858,31.51098901098901,29.285714285714285,MACRON Emmanuel,11.0,23950.869565200002,,,,3005.0
1899,94052,55.36887745,9.879889128,30242.0,11355.357142899999,0.5779730340097899,30.554945054945055,28.986263736263737,32.11538461538461,MACRON Emmanuel,9.0,30241.6666667,294.0,2167697.41156463,8197.05102040816,5568.0
1908,94033,45.63779528,14.03482989,23149.0,9448.56630824,0.42468268612914567,30.958791208791208,29.417582417582416,32.2032967032967,MACRON Emmanuel,15.0,23149.1666667,246.0,2325899.37804878,8819.60162601626,5193.0
1917,95492,41.66666667,2.43902439,,16.7070217918,0.23214285714285715,22.826923076923077,32.25,28.936813186813186,FILLON François,,,,,,2347.0
1926,75112,30.19165879,10.67485607,27110.0,,0.5899074972473987,33.62362637362637,29.178571428571427,34.47802197802198,,14.0,27110.0,1051.0,2173503.94100856,8502.38058991437,
1935,94015,69.60083408,8.156288156,29024.0,4800.900900899999,0.4966813850421527,29.733516483516482,29.403846153846153,31.642857142857142,MACRON Emmanuel,8.0,29023.6666667,,,,4375.0
1944,77108,56.19471098,12.01672686,21726.0,3299.00062461,0.30520647667921985,27.85989010989011,31.54945054945055,31.5989010989011,MACRON Emmanuel,15.0,21725.5172414,,,,3019.0
1953,77363,80.2238806,6.605019815,25463.0,188.558692422,0.25090665850657934,26.337912087912088,31.27747252747253,31.436813186813186,LE PEN Marine,,25462.6666667,,,,2921.0
1962,92026,42.04783452,8.91659752,29389.0,21230.2158273,0.6015614671076179,30.074175824175825,28.412087912087912,32.51648351648352,MACRON Emmanuel,10.0,29389.130434799998,327.0,1957862.86544343,6981.86544342508,6021.0
1971,94054,34.58957728,17.80572262,17754.0,3195.2023988,0.24331001899141272,27.681318681318682,30.47252747252747,31.25824175824176,MÉLENCHON Jean-Luc,22.0,17754.0,,,,3141.0
1980,77479,58.52861035,11.27713117,24047.0,2107.23684211,0.3264713433250002,26.967032967032967,31.354395604395606,31.225274725274726,MACRON Emmanuel,13.0,24047.3913043,,,,3164.0
1989,77055,50.47619048,11.495327099999999,21300.0,987.214611872,0.25150161271681254,26.01923076923077,31.23901098901099,31.01923076923077,MÉLENCHON Jean-Luc,11.0,21300.0,,,,2601.0
1998,77517,85.90704648,7.988450433,25751.0,202.7,0.283286023102742,25.423076923076923,31.45054945054945,31.178571428571427,LE PEN Marine,,25750.6666667,,,,2145.0
2007,77214,89.64497041,6.3131313129999995,33300.0,268.452380952,0.4446280991735532,23.86813186813187,31.217032967032967,31.145604395604394,FILLON François,,33300.0,,,,4188.0
2016,77462,57.09876543,7.8602620089999995,22428.0,66.6389351082,0.2233880027296696,23.86263736263736,31.62912087912088,31.134615384615383,LE PEN Marine,,22428.3333333,,,,2834.0
2025,77153,66.88154714,8.845780795,24386.0,917.5555555560001,0.3131757020085443,20.928571428571427,32.31043956043956,29.994505494505493,LE PEN Marine,7.0,24386.0,,,,2584.0
2034,77118,62.70032051,9.857819905,25529.0,736.5562913910001,0.30011631411049455,25.074175824175825,31.736263736263737,31.486263736263737,LE PEN Marine,7.0,25528.6666667,,,,3222.0
2043,77420,80.04322767,9.186746988,24674.0,610.56,0.22983168431237014,20.997252747252748,31.89835164835165,30.087912087912088,LE PEN Marine,6.0,24673.5,,,,2618.0
2052,77427,86.12440191,6.3583815029999995,25467.0,74.448767834,0.2971014492753618,22.041208791208792,31.587912087912088,30.78021978021978,LE PEN Marine,,25466.9565217,,,,3040.0
2061,77372,57.81637717,10.32289628,25351.0,485.890410959,0.3217171547088332,25.524725274725274,31.42032967032967,30.925824175824175,MACRON Emmanuel,9.0,25351.0,,,,2992.0
2070,77005,78.76106195,7.572254335,26606.0,246.67685255900003,0.347326557666814,24.01923076923077,31.733516483516482,30.986263736263737,LE PEN Marine,,26606.0,,,,2707.0
2079,77062,78.53403141,6.465517241000001,26661.0,305.0,0.345016402534863,23.15934065934066,31.38736263736264,30.26098901098901,FILLON François,,26661.3333333,,,,3482.0
2088,77332,79.59183673,5.128205128,25138.0,51.7441860465,0.2108012690560502,21.9010989010989,31.395604395604394,30.607142857142858,LE PEN Marine,,25138.4,,,,2514.0
2097,77292,68.69158879,5.5732484079999995,26842.0,106.608357629,0.3393810904997153,23.315934065934066,31.72252747252747,31.203296703296704,LE PEN Marine,,26842.222222200002,,,,3053.0
2106,77241,77.58112094,7.9198473279999995,24217.0,282.816537468,0.2268390378662823,21.291208791208792,31.67032967032967,30.307692307692307,LE PEN Marine,,24217.222222200002,,,,2351.0
2115,77525,80.74074074,11.57407407,25123.0,67.1077504726,0.17938931297709923,20.203296703296704,31.64010989010989,30.123626373626372,LE PEN Marine,,25123.3333333,,,,1149.0
